Close,High,Low,Open,Volume
805.0499877929688,807.5499877929688,804.5999755859375,807.5499877929688,113628
807.3499755859375,807.4000244140625,805.1500244140625,805.1500244140625,165784
809.2000122070312,809.8499755859375,807.3499755859375,807.5,271325
809.5999755859375,809.7999877929688,809.0,809.2000122070312,76221
809.7999877929688,810.5,808.9000244140625,809.6500244140625,140874
808.6500244140625,810.0,808.25,809.8499755859375,209985
809.5,809.5999755859375,808.3499755859375,808.6500244140625,85031
808.5,809.9500122070312,808.1500244140625,809.5999755859375,150882
807.7999877929688,808.5,807.5999755859375,808.5,172814
807.9000244140625,808.6500244140625,807.5999755859375,807.9000244140625,243175
807.3499755859375,808.2000122070312,807.3499755859375,807.9000244140625,264749
808.2999877929688,808.7999877929688,807.2000122070312,807.2999877929688,96533
808.3499755859375,808.5999755859375,807.4500122070312,808.25,78102
807.75,808.9000244140625,807.5,808.3499755859375,293387
807.5,808.0,807.0499877929688,807.7000122070312,145450
806.7999877929688,807.5,806.5499877929688,807.5,108003
805.7999877929688,806.9000244140625,805.0499877929688,806.9000244140625,163831
806.1500244140625,806.9000244140625,805.4500122070312,805.6500244140625,172407
804.5499877929688,806.4500122070312,804.0999755859375,806.0999755859375,202718
803.9500122070312,804.5999755859375,802.7000122070312,804.5499877929688,240140
804.0499877929688,805.2999877929688,803.2999877929688,803.7999877929688,255702
805.4000244140625,805.7000122070312,803.7999877929688,804.0499877929688,257879
804.0499877929688,805.9000244140625,803.7999877929688,805.4000244140625,216923
803.9000244140625,804.5499877929688,803.5,804.1500244140625,430477
803.75,804.5,803.3499755859375,803.8499755859375,361719
808.5999755859375,808.9500122070312,803.4000244140625,804.0999755859375,433184
807.5999755859375,808.5999755859375,806.5,808.5999755859375,154655
809.0,809.8499755859375,807.5499877929688,807.5999755859375,172487
810.2000122070312,810.7000122070312,809.0,809.0,200279
810.9500122070312,811.4500122070312,809.5999755859375,810.0499877929688,159021
809.4500122070312,810.7999877929688,809.25,810.7000122070312,77538
809.8499755859375,809.9000244140625,809.2000122070312,809.4500122070312,64788
810.5,810.8499755859375,809.0999755859375,809.8499755859375,118085
808.7999877929688,810.75,808.7999877929688,810.5,124009
808.9000244140625,809.0499877929688,808.0999755859375,808.8499755859375,80390
809.5499877929688,809.5499877929688,808.25,808.8499755859375,58216
810.0,810.0,809.0,809.7000122070312,65832
810.4000244140625,811.0,810.0,810.0,93906
809.9000244140625,810.7999877929688,809.8499755859375,810.4000244140625,86982
809.3499755859375,810.6500244140625,809.0499877929688,810.0999755859375,148341
809.8499755859375,810.2999877929688,809.0,809.0,76387
809.6500244140625,810.0999755859375,809.5499877929688,809.9000244140625,40118
810.0,810.0,809.0499877929688,809.7000122070312,49165
811.5,811.6500244140625,809.9500122070312,809.9500122070312,179731
811.2000122070312,811.8499755859375,811.0,811.5,100721
811.7999877929688,811.7999877929688,811.2000122070312,811.2000122070312,89812
811.25,812.5999755859375,810.8499755859375,811.5999755859375,294550
811.5499877929688,811.75,810.7000122070312,811.25,138219
812.1500244140625,812.4000244140625,811.0999755859375,811.6500244140625,556069
812.1500244140625,813.2999877929688,811.9000244140625,812.1500244140625,697602
813.75,816.4000244140625,813.4000244140625,815.5999755859375,196203
813.2000122070312,815.0,813.2000122070312,813.75,247521
814.0,814.4000244140625,813.0,813.0,122214
812.2999877929688,814.4000244140625,812.2999877929688,814.1500244140625,197894
812.25,813.0,811.8499755859375,812.2999877929688,129801
811.5499877929688,812.7999877929688,811.1500244140625,812.5499877929688,97982
812.3499755859375,813.25,811.0,811.7000122070312,121861
811.1500244140625,813.1500244140625,811.0,812.4500122070312,94926
811.0999755859375,811.1500244140625,809.7999877929688,811.0499877929688,102900
810.1500244140625,811.2000122070312,810.1500244140625,811.0,77781
810.5999755859375,810.8499755859375,810.0999755859375,810.2000122070312,65325
810.5,811.6500244140625,810.25,810.5999755859375,78135
810.4500122070312,810.7000122070312,809.5499877929688,810.5,220243
810.9500122070312,810.9500122070312,810.2000122070312,810.3499755859375,69035
811.5499877929688,811.7000122070312,810.8499755859375,810.9500122070312,75027
811.5499877929688,812.0,811.0,811.5999755859375,74538
810.9000244140625,811.9000244140625,810.1500244140625,811.5,77129
810.25,811.0,809.9000244140625,810.9000244140625,77197
810.3499755859375,810.9000244140625,809.8499755859375,810.3499755859375,82267
810.25,810.8499755859375,810.0,810.2999877929688,52453
808.7999877929688,810.25,808.0499877929688,810.1500244140625,336557
809.75,810.25,808.7000122070312,808.75,302587
809.5,810.0499877929688,808.6500244140625,809.6500244140625,228572
809.0499877929688,809.9000244140625,808.5,809.4500122070312,541577
809.8499755859375,810.25,808.4500122070312,809.25,425405
811.0999755859375,812.5,810.5499877929688,811.6500244140625,334681
809.5,811.6500244140625,809.2999877929688,811.0999755859375,134397
809.75,810.5,809.0999755859375,809.4000244140625,190835
807.25,810.0,807.0,809.75,161926
807.8499755859375,807.9500122070312,804.9000244140625,807.5,289897
807.6500244140625,807.8499755859375,806.0999755859375,807.6500244140625,103302
808.1500244140625,808.5,807.25,807.5499877929688,180766
808.9000244140625,809.5,808.0499877929688,808.1500244140625,268587
807.5,809.5,807.2000122070312,808.9000244140625,347827
806.4000244140625,807.5,805.5499877929688,807.5,298977
806.1500244140625,806.5,805.5499877929688,806.3499755859375,111051
806.25,807.25,805.9000244140625,806.3499755859375,186841
804.6500244140625,806.25,804.5499877929688,806.25,92683
804.1500244140625,805.0,803.6500244140625,804.7000122070312,104057
804.7000122070312,805.0,803.7999877929688,804.0999755859375,113748
805.0,805.0,804.1500244140625,804.7000122070312,72408
805.4500122070312,806.0999755859375,804.5,804.9500122070312,231514
806.25,806.7999877929688,805.2999877929688,805.7000122070312,167717
807.3499755859375,807.75,806.0499877929688,806.5,170941
806.3499755859375,808.0,806.2000122070312,807.5499877929688,215563
807.0999755859375,807.5,805.75,806.6500244140625,234554
805.4000244140625,807.4000244140625,804.6500244140625,807.0499877929688,241912
806.2000122070312,806.5,805.4000244140625,805.5,72335
806.0,806.9000244140625,805.2000122070312,806.1500244140625,397827
806.5999755859375,808.0999755859375,805.7000122070312,805.9500122070312,470243
810.5999755859375,811.1500244140625,806.9500122070312,808.8499755859375,132509
811.2999877929688,813.2999877929688,810.5999755859375,810.5999755859375,193903
810.7999877929688,811.9500122070312,810.2999877929688,811.5,127129
810.5,812.0,810.3499755859375,810.8499755859375,75823
809.4500122070312,811.1500244140625,809.4500122070312,810.5,108123
811.0999755859375,811.1500244140625,809.2000122070312,809.5499877929688,198796
808.7999877929688,811.0999755859375,808.75,810.75,124645
809.8499755859375,809.9000244140625,808.5999755859375,808.7999877929688,57650
810.1500244140625,811.25,809.8499755859375,809.9500122070312,154126
809.25,810.5499877929688,809.0499877929688,810.4000244140625,176487
809.4500122070312,809.6500244140625,808.2999877929688,809.2000122070312,80990
810.0,810.2999877929688,809.3499755859375,809.3499755859375,95747
809.5499877929688,810.3499755859375,809.0999755859375,810.0,73943
810.7999877929688,811.5,809.0,809.4500122070312,154728
810.25,811.5,809.9500122070312,810.7999877929688,161952
810.7999877929688,810.9500122070312,809.9000244140625,810.3499755859375,62843
810.4500122070312,810.9500122070312,810.1500244140625,810.6500244140625,75052
810.4500122070312,810.7999877929688,810.0999755859375,810.5,92008
810.0,810.75,809.4000244140625,810.4000244140625,86028
811.4500122070312,811.4500122070312,809.9500122070312,810.2999877929688,118490
812.25,812.7000122070312,811.0999755859375,811.4500122070312,248802
812.0999755859375,813.6500244140625,812.0999755859375,812.25,333491
809.7999877929688,812.0999755859375,809.2000122070312,812.0499877929688,534381
809.25,810.0,808.5999755859375,810.0,308416
808.7999877929688,809.2999877929688,807.7999877929688,809.2000122070312,352809
807.25,811.6500244140625,806.9500122070312,811.5,296691
807.7999877929688,808.5,806.5999755859375,807.4500122070312,116044
807.4500122070312,808.25,807.0499877929688,807.9500122070312,103410
806.3499755859375,807.4500122070312,806.2999877929688,807.4500122070312,70669
806.6500244140625,806.8499755859375,805.5999755859375,806.3499755859375,88825
806.5999755859375,807.0,806.2000122070312,806.6500244140625,70384
807.7000122070312,808.0999755859375,806.5,806.7999877929688,265177
807.7999877929688,808.2999877929688,807.5999755859375,807.7000122070312,103123
808.2000122070312,808.7000122070312,807.5999755859375,807.8499755859375,98927
808.5,808.6500244140625,808.0,808.1500244140625,48469
809.5999755859375,809.5999755859375,808.4000244140625,808.5999755859375,170894
808.1500244140625,809.5999755859375,808.0,809.5999755859375,94885
807.9500122070312,809.2000122070312,807.5499877929688,808.2999877929688,89561
807.8499755859375,808.5999755859375,807.5499877929688,807.9000244140625,111646
807.4500122070312,808.6500244140625,807.0499877929688,807.5,145209
807.0,807.7000122070312,806.5999755859375,807.2000122070312,117949
807.25,807.5,806.5999755859375,807.0,54723
807.1500244140625,808.0,806.8499755859375,807.3499755859375,124818
807.2999877929688,807.5,806.75,807.0499877929688,37620
809.0,809.0,806.5,807.0,234811
809.7999877929688,809.8499755859375,808.5,808.9500122070312,161414
809.5,810.5,808.2999877929688,809.7000122070312,420402
809.4500122070312,810.0999755859375,809.0,809.4000244140625,298012
809.25,809.75,807.6500244140625,809.4500122070312,799086
808.8499755859375,809.7999877929688,807.3499755859375,808.9500122070312,311955
812.75,814.2000122070312,810.4500122070312,812.0,536173
813.8499755859375,814.4500122070312,812.6500244140625,812.6500244140625,123751
813.0999755859375,814.2999877929688,813.0,814.0999755859375,153274
816.0,816.2999877929688,813.0,813.1500244140625,256766
823.5,823.5999755859375,815.9500122070312,815.9500122070312,678368
821.1500244140625,824.5999755859375,821.0,823.7000122070312,514367
821.1500244140625,822.0,820.0,821.0999755859375,254307
820.5,821.9000244140625,820.5,821.0499877929688,207683
818.9000244140625,820.75,818.7999877929688,820.4000244140625,231842
819.5,820.1500244140625,818.7999877929688,819.4000244140625,132666
821.0999755859375,821.7000122070312,819.0,819.4000244140625,237115
821.7999877929688,822.25,820.75,821.0,275792
820.7000122070312,822.4500122070312,820.7000122070312,821.7999877929688,168398
820.9500122070312,821.0,820.0,820.9000244140625,131312
821.5999755859375,821.8499755859375,820.5499877929688,820.7999877929688,161137
820.0,821.75,820.0,821.6500244140625,115023
820.2999877929688,820.6500244140625,819.2999877929688,820.0,141835
821.0499877929688,821.2999877929688,820.0,820.5,125931
820.5499877929688,821.2999877929688,820.4000244140625,821.0499877929688,117495
820.0,820.75,819.75,820.5499877929688,148111
819.5,820.0999755859375,819.0,820.0,227614
816.25,819.5,816.1500244140625,819.3499755859375,950839
816.9500122070312,817.1500244140625,816.2000122070312,816.4000244140625,299429
818.25,818.2999877929688,816.9500122070312,816.9500122070312,579146
818.2000122070312,819.4000244140625,817.9500122070312,818.25,346783
824.3499755859375,824.6500244140625,820.0,820.0,444759
823.4500122070312,825.5999755859375,823.25,824.2999877929688,375605
822.0499877929688,823.75,821.5,823.75,251294
820.8499755859375,822.4000244140625,820.0499877929688,822.2000122070312,207699
820.75,821.6500244140625,820.2999877929688,821.0,214397
820.75,821.0,820.7000122070312,820.7999877929688,103705
822.2999877929688,822.5,820.4500122070312,820.7999877929688,245625
823.4500122070312,823.9500122070312,822.25,822.25,235861
821.75,823.5,821.7000122070312,823.3499755859375,134381
820.9500122070312,822.0,820.6500244140625,821.75,110865
822.0999755859375,822.4500122070312,820.9500122070312,821.0999755859375,121436
822.4000244140625,822.5999755859375,822.0,822.0499877929688,74154
824.1500244140625,824.2000122070312,822.4000244140625,822.4000244140625,221489
823.5,824.25,822.5,824.0999755859375,237014
823.7000122070312,823.9000244140625,822.9000244140625,823.5,159137
823.8499755859375,824.0999755859375,823.2000122070312,823.6500244140625,188751
824.0,824.0999755859375,823.0499877929688,823.9000244140625,153274
823.2000122070312,824.2000122070312,823.0499877929688,824.0,367376
823.5499877929688,824.0,822.7999877929688,823.2000122070312,274248
823.9000244140625,824.0499877929688,823.4000244140625,823.5499877929688,160389
824.2000122070312,824.4000244140625,823.5499877929688,823.9000244140625,186450
823.2999877929688,824.2000122070312,823.0,824.2000122070312,412855
823.7999877929688,824.0999755859375,822.9500122070312,823.4000244140625,550266
823.7000122070312,824.25,822.4500122070312,823.9000244140625,1331991
824.5,825.0,823.0499877929688,823.7000122070312,660532
820.75,825.2000122070312,820.5,824.7999877929688,557997
821.5,822.0999755859375,819.9000244140625,820.7000122070312,272352
821.8499755859375,822.4000244140625,821.2000122070312,821.5,143329
822.1500244140625,822.5,821.4000244140625,821.8499755859375,153894
822.0499877929688,822.4500122070312,821.5999755859375,822.2999877929688,101342
822.7000122070312,823.5,821.5999755859375,822.0999755859375,191883
822.4500122070312,822.7999877929688,822.2000122070312,822.7000122070312,101726
822.5,823.2999877929688,822.0,822.5,190162
822.6500244140625,823.4500122070312,822.5,822.5499877929688,136263
822.5,822.6500244140625,822.5,822.6500244140625,81862
821.0,822.5999755859375,820.5,822.5,179003
821.5499877929688,822.0,820.9500122070312,820.9500122070312,105189
822.0,822.1500244140625,821.2000122070312,821.5,129287
822.0499877929688,822.8499755859375,821.9500122070312,822.0,140437
821.2999877929688,822.1500244140625,821.2000122070312,822.0499877929688,109598
822.6500244140625,822.75,821.2000122070312,821.2999877929688,144250
823.7999877929688,823.9500122070312,822.6500244140625,822.7000122070312,190012
822.9000244140625,823.8499755859375,822.7999877929688,823.7999877929688,134971
823.2999877929688,823.5,822.25,822.9000244140625,146386
824.4500122070312,824.75,823.0,823.2999877929688,207720
824.0499877929688,824.4500122070312,823.5499877929688,824.4500122070312,180588
823.7999877929688,824.25,823.5,823.8499755859375,220823
822.7000122070312,823.8499755859375,822.4000244140625,823.8499755859375,246356
823.8499755859375,823.9000244140625,822.5999755859375,822.5999755859375,468357
823.5499877929688,824.0,823.0499877929688,823.75,410411
826.1500244140625,827.2999877929688,823.75,824.4500122070312,404654
825.0499877929688,826.1500244140625,823.7000122070312,826.1500244140625,143897
824.5999755859375,825.2999877929688,824.4000244140625,824.7999877929688,61861
824.25,824.7999877929688,823.25,824.7999877929688,80085
824.7000122070312,825.0,823.8499755859375,824.0,48526
824.75,825.5,824.5,824.75,63965
824.5999755859375,825.0,824.0999755859375,824.75,61911
824.2000122070312,825.0,824.0499877929688,824.6500244140625,25949
824.6500244140625,824.7999877929688,824.0,824.2000122070312,56871
824.4000244140625,825.1500244140625,824.0999755859375,824.5499877929688,79660
824.5999755859375,825.0,824.0499877929688,824.4000244140625,122968
824.5,824.7999877929688,824.0,824.75,78369
824.7000122070312,824.8499755859375,823.7999877929688,824.25,88771
824.2000122070312,824.8499755859375,823.7000122070312,824.6500244140625,86658
824.25,824.5,823.7999877929688,824.2000122070312,48507
824.1500244140625,824.6500244140625,824.0499877929688,824.3499755859375,68959
823.5999755859375,824.3499755859375,823.5,824.0999755859375,102684
822.2999877929688,823.7000122070312,821.0999755859375,823.5999755859375,207738
822.4000244140625,823.4000244140625,821.9000244140625,822.2000122070312,139828
822.1500244140625,822.9500122070312,822.0999755859375,822.5499877929688,72735
826.2999877929688,826.2999877929688,821.8499755859375,822.2000122070312,302331
826.2000122070312,827.2999877929688,825.3499755859375,826.0499877929688,592953
825.5,826.4000244140625,824.7999877929688,826.2000122070312,175812
824.8499755859375,825.75,824.6500244140625,825.4500122070312,192158
824.75,824.9000244140625,823.7000122070312,824.9000244140625,378745
824.3499755859375,827.2000122070312,821.6500244140625,824.9000244140625,155796
824.5,824.75,823.5499877929688,824.2999877929688,123051
824.5999755859375,825.0499877929688,824.2000122070312,824.5499877929688,180846
825.75,826.7999877929688,824.6500244140625,824.6500244140625,238464
826.0,826.2000122070312,825.5,825.7000122070312,92900
825.2000122070312,826.0499877929688,825.0999755859375,825.9000244140625,85102
826.0499877929688,826.6500244140625,825.7000122070312,826.5,245833
825.6500244140625,826.3499755859375,825.5,826.0499877929688,80226
829.9500122070312,830.5499877929688,826.0999755859375,826.1500244140625,491309
828.6500244140625,829.9000244140625,828.0,829.5499877929688,311279
828.9500122070312,829.0499877929688,828.0,828.5999755859375,182627
828.5999755859375,829.5,828.2000122070312,828.6500244140625,154475
829.25,829.4000244140625,828.4000244140625,828.6500244140625,119638
829.3499755859375,830.0,829.0,829.1500244140625,344008
828.5499877929688,829.5,828.0,829.4000244140625,170586
829.0,829.25,828.4500122070312,828.5499877929688,137643
828.7999877929688,829.0499877929688,828.5,828.7000122070312,492937
828.75,828.9500122070312,828.6500244140625,828.6500244140625,14971
828.8499755859375,829.2000122070312,827.5999755859375,828.2999877929688,497988
830.5499877929688,830.9500122070312,828.9500122070312,828.9500122070312,928870
830.9500122070312,832.5,829.75,830.9500122070312,2511956
833.0,833.0,830.2000122070312,831.1500244140625,1418436
831.6500244140625,834.2999877929688,831.0999755859375,834.2999877929688,342753
832.0499877929688,832.5,831.1500244140625,831.6500244140625,166341
831.8499755859375,832.5,831.5499877929688,832.1500244140625,280713
834.2000122070312,834.25,831.6500244140625,832.0,351177
840.0,840.5,833.0,834.0,1078086
843.0999755859375,845.5999755859375,839.5999755859375,840.2000122070312,1367722
845.0999755859375,845.5,841.5,843.0,753887
842.75,845.2999877929688,842.7000122070312,845.2999877929688,369492
840.9500122070312,842.7999877929688,840.0,842.75,524505
840.9000244140625,841.2999877929688,839.7000122070312,841.0,589823
841.4000244140625,842.5,840.5999755859375,840.9000244140625,342493
842.8499755859375,843.3499755859375,841.0,841.4000244140625,194690
841.8499755859375,843.5999755859375,841.6500244140625,842.7999877929688,353264
842.4000244140625,843.0499877929688,841.7999877929688,842.0999755859375,285329
843.4500122070312,843.5,842.0999755859375,842.25,201304
844.5999755859375,844.9000244140625,843.0,843.25,521587
846.0999755859375,848.0,844.25,844.5,993601
849.7000122070312,849.7000122070312,846.0,846.0,551714
850.5499877929688,850.7999877929688,849.0,849.7000122070312,1644776
850.5999755859375,852.2000122070312,850.0,850.5499877929688,1198508
853.7000122070312,854.0,850.5999755859375,850.7000122070312,863037
856.5999755859375,857.7000122070312,851.7999877929688,853.7000122070312,1199530
856.0499877929688,856.9500122070312,855.5,856.5999755859375,748416
857.2000122070312,857.9000244140625,855.5999755859375,856.1500244140625,1002353
857.1500244140625,858.0999755859375,856.0,857.2000122070312,1313208
856.3499755859375,860.0,853.2000122070312,860.0,591859
857.5499877929688,857.6500244140625,853.5,856.5,664194
857.6500244140625,858.4500122070312,856.9000244140625,857.5999755859375,412088
856.7000122070312,860.0,856.0,857.5999755859375,734707
857.5499877929688,858.25,855.5499877929688,856.5499877929688,395216
856.9000244140625,857.8499755859375,855.5499877929688,857.75,426077
856.5,857.9000244140625,856.0499877929688,857.0,441529
857.25,858.25,856.2999877929688,856.4500122070312,337101
855.6500244140625,857.6500244140625,855.5499877929688,857.25,266944
856.0999755859375,856.2999877929688,855.0,855.5999755859375,342650
855.9000244140625,856.2000122070312,854.8499755859375,856.0499877929688,383153
855.3499755859375,856.5999755859375,855.2000122070312,856.0,227782
855.9500122070312,856.1500244140625,855.0,855.5,206094
854.4000244140625,856.0,853.8499755859375,855.9000244140625,272211
854.75,855.7000122070312,854.3499755859375,854.5,203397
853.0,854.4500122070312,851.2000122070312,854.4500122070312,486842
853.2000122070312,853.5,852.0,853.0,218104
854.3499755859375,854.9000244140625,852.75,853.25,298481
854.2000122070312,854.9000244140625,853.5,854.3499755859375,205706
853.4000244140625,854.25,852.2000122070312,854.2000122070312,318485
852.8499755859375,853.6500244140625,852.25,853.4000244140625,283783
852.4500122070312,853.3499755859375,851.5499877929688,852.5,395486
853.4000244140625,854.0,852.0,852.2000122070312,380407
854.2999877929688,855.0,853.3499755859375,853.4000244140625,796601
854.0,854.8499755859375,853.25,854.25,534405
853.3499755859375,855.5,849.2999877929688,853.0,390325
854.9000244140625,855.0,852.7000122070312,853.0499877929688,286778
857.0,858.0,854.0,854.5999755859375,370992
858.3499755859375,858.3499755859375,856.0,856.7999877929688,297814
862.75,863.2000122070312,857.7000122070312,858.4500122070312,750101
860.9500122070312,863.5,859.3499755859375,862.9000244140625,627404
861.5,862.2000122070312,860.1500244140625,860.9500122070312,271186
862.5499877929688,862.7999877929688,861.0999755859375,861.5,310609
862.1500244140625,862.7999877929688,862.0,862.5999755859375,305440
862.4000244140625,862.75,862.0,862.2000122070312,206486
863.0499877929688,863.2999877929688,861.4500122070312,862.4000244140625,527255
862.3499755859375,863.0999755859375,862.0999755859375,863.0,358999
860.0,862.5999755859375,859.75,862.3499755859375,406209
860.8499755859375,860.9000244140625,859.5,860.0,501468
861.8499755859375,861.9500122070312,860.2000122070312,860.7999877929688,216969
862.5999755859375,862.9000244140625,861.7000122070312,861.9000244140625,184146
863.5499877929688,863.75,862.5,862.7000122070312,319622
862.4500122070312,863.75,862.0,863.6500244140625,380643
862.2999877929688,862.75,861.4500122070312,862.4500122070312,384652
862.2999877929688,862.5999755859375,861.5,862.25,254526
861.5,862.5499877929688,861.2999877929688,862.25,320662
861.4500122070312,862.6500244140625,861.0999755859375,861.4500122070312,547788
860.5999755859375,861.5999755859375,860.2000122070312,861.5,389444
862.5,862.6500244140625,860.2999877929688,860.5999755859375,2980964
862.5499877929688,863.2000122070312,861.75,862.5499877929688,3063451
864.75,864.8499755859375,858.3499755859375,860.7999877929688,333906
866.4500122070312,868.2000122070312,864.6500244140625,864.7999877929688,572467
863.0,867.7000122070312,863.0,866.2000122070312,480051
862.5,864.4500122070312,862.5,863.2000122070312,203973
864.9000244140625,865.2000122070312,861.5999755859375,862.6500244140625,227371
863.7999877929688,866.2999877929688,863.0,865.1500244140625,192809
863.5999755859375,864.4000244140625,863.0499877929688,863.75,72088
863.4000244140625,864.25,863.0,863.7000122070312,98791
861.5499877929688,863.4000244140625,861.25,863.4000244140625,151258
862.4500122070312,862.5999755859375,861.0999755859375,861.4500122070312,83885
862.6500244140625,863.5999755859375,862.0,862.2000122070312,129481
862.0999755859375,862.9500122070312,861.5,862.8499755859375,71480
861.0,862.5999755859375,861.0,861.75,115013
861.1500244140625,861.7000122070312,860.7000122070312,861.1500244140625,224375
861.5,861.7999877929688,860.9500122070312,861.7000122070312,85793
862.7000122070312,862.7999877929688,861.0499877929688,861.5,159827
862.0999755859375,862.7999877929688,861.7000122070312,862.7000122070312,111045
861.1500244140625,862.25,860.2999877929688,862.0999755859375,182826
859.5499877929688,861.5,859.5499877929688,860.7999877929688,361682
860.7999877929688,861.2000122070312,859.4000244140625,859.9000244140625,300438
860.0,860.9500122070312,859.2999877929688,860.7000122070312,297182
856.0,860.2000122070312,855.5,860.0499877929688,575433
855.3499755859375,856.3499755859375,854.75,855.75,321360
855.25,855.8499755859375,854.25,855.2999877929688,353788
854.7000122070312,856.2000122070312,854.0499877929688,855.4500122070312,630479
851.75,855.75,851.4000244140625,854.0499877929688,175372
854.25,854.9000244140625,851.2000122070312,851.8499755859375,304407
853.0499877929688,854.25,852.5,854.25,207795
859.4500122070312,860.4000244140625,852.75,853.0499877929688,523653
859.4000244140625,859.9000244140625,857.4500122070312,859.3499755859375,515920
860.2000122070312,861.0,858.4500122070312,859.4000244140625,342965
858.5499877929688,860.5,857.4000244140625,860.1500244140625,174174
858.4000244140625,859.5,858.0499877929688,858.7000122070312,711432
859.9000244140625,860.6500244140625,858.0999755859375,858.4000244140625,249397
859.75,860.2000122070312,858.6500244140625,859.8499755859375,170885
860.2000122070312,860.9500122070312,859.5499877929688,859.75,131458
861.25,862.0,859.8499755859375,859.9000244140625,159573
862.0,862.0,860.0,861.2999877929688,173331
863.0,864.7999877929688,862.0,862.0999755859375,458746
863.9000244140625,864.75,862.8499755859375,863.3499755859375,361160
867.0999755859375,867.0999755859375,863.9000244140625,863.9000244140625,905985
869.9500122070312,870.2999877929688,866.2999877929688,867.0999755859375,1036220
869.8499755859375,870.8499755859375,868.25,869.9500122070312,762628
873.2000122070312,873.7999877929688,869.5999755859375,869.8499755859375,838835
870.75,874.25,870.5499877929688,873.1500244140625,742398
873.0999755859375,873.5999755859375,869.3499755859375,870.75,864080
872.5499877929688,873.4500122070312,871.5999755859375,873.0999755859375,887501
871.75,873.0999755859375,871.3499755859375,872.4500122070312,721177
870.0999755859375,871.8499755859375,869.2999877929688,871.7000122070312,1468448
869.5,871.9000244140625,869.0999755859375,870.5999755859375,1265474
872.75,880.2999877929688,871.7000122070312,874.0,782084
872.3499755859375,873.7999877929688,871.5,872.7999877929688,657081
875.9000244140625,876.0,871.5999755859375,872.3499755859375,324907
878.3499755859375,880.0999755859375,875.0,875.8499755859375,1289996
876.5499877929688,879.7000122070312,876.5499877929688,878.3499755859375,401583
875.2999877929688,876.5999755859375,873.5499877929688,876.5999755859375,423980
873.0999755859375,875.75,872.75,875.2000122070312,268814
870.75,873.25,869.2000122070312,873.2000122070312,629195
872.0999755859375,872.75,870.6500244140625,870.8499755859375,554715
871.5499877929688,872.7000122070312,870.8499755859375,872.2000122070312,319137
871.75,872.2999877929688,871.1500244140625,871.5999755859375,212905
871.8499755859375,872.0499877929688,870.0,871.75,333838
871.6500244140625,872.9500122070312,871.2999877929688,871.8499755859375,318596
870.75,872.0,870.5499877929688,871.5499877929688,216931
870.3499755859375,871.1500244140625,870.0,870.7000122070312,301888
871.7000122070312,872.0999755859375,870.25,870.4000244140625,285022
871.7999877929688,872.9500122070312,871.2000122070312,871.6500244140625,268015
870.5499877929688,872.0,870.1500244140625,871.7999877929688,233792
872.0,872.0999755859375,870.2999877929688,870.6500244140625,752861
870.7999877929688,872.0999755859375,870.5499877929688,872.0999755859375,180143
869.75,870.9000244140625,869.4500122070312,870.7999877929688,332983
866.5999755859375,870.5,865.5499877929688,869.7999877929688,801294
865.4000244140625,867.25,865.0999755859375,866.5999755859375,433358
866.8499755859375,866.9000244140625,864.4500122070312,865.4000244140625,725981
866.1500244140625,866.9500122070312,865.9000244140625,866.8499755859375,700498
865.6500244140625,866.75,862.9500122070312,864.9500122070312,239697
863.5999755859375,866.1500244140625,862.9000244140625,865.5999755859375,363607
866.0999755859375,866.1500244140625,861.2000122070312,863.4500122070312,313595
867.0499877929688,868.3499755859375,865.3499755859375,866.1500244140625,256912
869.2000122070312,869.8499755859375,867.0,867.1500244140625,256570
867.7000122070312,869.5499877929688,866.4000244140625,869.2999877929688,173293
867.5999755859375,868.2999877929688,866.5,867.7000122070312,151840
870.0,870.0999755859375,867.4500122070312,867.5499877929688,286007
868.4500122070312,870.0,867.0,869.9500122070312,141811
866.5,868.7000122070312,865.7999877929688,868.7000122070312,115655
865.8499755859375,866.7999877929688,865.5499877929688,866.5499877929688,189524
866.75,867.0,865.75,866.2000122070312,141076
867.75,868.2999877929688,866.6500244140625,866.75,161938
866.4000244140625,867.7999877929688,866.2999877929688,867.75,128497
868.0499877929688,868.0999755859375,866.2999877929688,866.5999755859375,199864
868.0,869.4000244140625,867.25,868.0,286635
867.9000244140625,868.6500244140625,866.8499755859375,868.0499877929688,245351
868.0499877929688,868.5499877929688,867.5,867.9000244140625,226569
867.1500244140625,868.0499877929688,866.75,868.0499877929688,230621
865.3499755859375,867.5,864.0499877929688,867.1500244140625,437447
864.4000244140625,865.75,864.0499877929688,865.3499755859375,394059
863.5,864.9000244140625,863.0,864.2999877929688,420630
862.0,863.5999755859375,861.5499877929688,863.25,557073
861.1500244140625,862.5499877929688,859.9500122070312,862.0999755859375,1380948
861.1500244140625,862.0,860.5499877929688,861.2000122070312,1024845
859.2000122070312,864.0499877929688,858.0499877929688,863.9000244140625,407538
857.7999877929688,859.1500244140625,855.5999755859375,859.1500244140625,350560
859.9000244140625,860.9000244140625,857.0499877929688,857.7999877929688,204402
860.5999755859375,860.6500244140625,859.25,860.0,130228
860.0999755859375,861.25,859.5499877929688,860.7000122070312,183504
861.25,861.25,858.9000244140625,860.25,135535
859.75,862.0999755859375,859.2000122070312,861.2000122070312,147397
858.2000122070312,859.9500122070312,856.0,859.9000244140625,311314
857.7000122070312,858.9500122070312,857.25,858.2000122070312,96628
857.1500244140625,858.1500244140625,856.7999877929688,857.7999877929688,104882
857.2999877929688,858.4500122070312,856.7999877929688,857.2999877929688,154536
856.7999877929688,857.4000244140625,855.3499755859375,857.0,309010
855.4500122070312,856.9000244140625,855.2000122070312,856.7000122070312,150461
855.9000244140625,856.4000244140625,854.0999755859375,855.4500122070312,158008
858.0999755859375,858.7000122070312,855.5999755859375,856.0499877929688,263000
857.8499755859375,859.0,857.5999755859375,858.0999755859375,247627
854.7000122070312,858.0,854.4500122070312,858.0,223702
853.9500122070312,855.0499877929688,853.0,855.0499877929688,287080
853.75,854.9500122070312,853.0,853.9500122070312,253058
855.6500244140625,855.75,853.0499877929688,853.75,193199
854.4500122070312,855.7000122070312,853.75,855.7000122070312,225186
857.9000244140625,858.0999755859375,854.2999877929688,854.4500122070312,382675
855.7999877929688,858.5499877929688,855.0,858.0,267106
857.0,858.0,855.1500244140625,856.0,827076
857.0,858.0,856.4000244140625,857.0,609915
861.0,861.2000122070312,857.2000122070312,858.6500244140625,219484
863.9500122070312,864.9000244140625,861.0999755859375,861.0999755859375,263334
862.4000244140625,864.7999877929688,861.7999877929688,863.9000244140625,173421
862.9000244140625,863.0,861.7999877929688,862.2999877929688,120149
863.4500122070312,864.6500244140625,862.2999877929688,863.0,272748
863.25,863.9000244140625,862.75,863.4500122070312,95358
861.0499877929688,863.2999877929688,860.5499877929688,863.2000122070312,167220
860.7999877929688,862.0999755859375,860.5499877929688,861.2000122070312,103062
860.0499877929688,860.75,859.8499755859375,860.75,109637
859.7000122070312,860.2999877929688,858.0,860.25,560616
858.5,859.7999877929688,858.5,859.7000122070312,222079
857.25,858.7000122070312,856.0,858.5999755859375,237339
860.0,860.0,857.0999755859375,857.25,195488
859.0,860.3499755859375,858.2000122070312,860.0,294399
862.2999877929688,862.2999877929688,858.0,858.5,416247
867.5999755859375,868.3499755859375,862.0999755859375,862.2999877929688,830239
866.0,867.5999755859375,864.5,867.5499877929688,494477
864.2000122070312,866.7999877929688,862.7999877929688,866.1500244140625,282074
864.7000122070312,866.0,863.5499877929688,864.2000122070312,768679
864.9000244140625,865.8499755859375,863.9500122070312,865.0,231369
866.7999877929688,867.0499877929688,864.25,864.8499755859375,537676
863.9500122070312,867.0999755859375,863.7999877929688,866.5,249231
862.9500122070312,864.2999877929688,861.8499755859375,863.8499755859375,264783
871.0,871.8499755859375,862.9500122070312,862.9500122070312,8299164
870.0,873.0999755859375,869.4500122070312,870.9500122070312,7009787
873.9500122070312,874.5999755859375,868.6500244140625,869.1500244140625,602189
875.9000244140625,876.0999755859375,872.4000244140625,873.9500122070312,506235
876.4000244140625,877.0,875.5999755859375,875.75,390075
874.8499755859375,877.5,873.5999755859375,876.2000122070312,663821
875.7000122070312,876.6500244140625,874.7999877929688,874.9000244140625,193230
874.2000122070312,875.7000122070312,873.1500244140625,875.5999755859375,475144
873.7000122070312,874.2999877929688,872.5,874.0999755859375,221626
874.4000244140625,874.7999877929688,873.5,873.7000122070312,211321
874.1500244140625,874.6500244140625,873.5499877929688,874.4000244140625,156578
874.8499755859375,875.5,873.75,874.1500244140625,211711
873.9500122070312,874.9000244140625,873.75,874.5999755859375,158197
874.0499877929688,875.8499755859375,873.5999755859375,873.9500122070312,345361
874.7000122070312,875.5499877929688,874.0,874.0499877929688,284166
875.4500122070312,876.7999877929688,874.25,874.9000244140625,464354
874.5999755859375,876.5,874.2000122070312,875.4500122070312,328436
873.7999877929688,874.7999877929688,872.5,874.6500244140625,446064
872.7999877929688,874.75,872.4000244140625,873.7999877929688,368999
872.9000244140625,873.25,871.4000244140625,872.75,500110
873.4500122070312,873.9500122070312,872.6500244140625,872.9500122070312,262696
873.5,874.2000122070312,872.2999877929688,873.5999755859375,440574
873.9500122070312,874.0999755859375,872.5,873.5,474203
874.6500244140625,874.7999877929688,872.7000122070312,873.9500122070312,661119
874.8499755859375,875.3499755859375,873.5,874.6500244140625,579877
873.1500244140625,874.7999877929688,871.2000122070312,874.7999877929688,1754055
873.7000122070312,873.7999877929688,871.7000122070312,872.7999877929688,1560122
871.0,876.3499755859375,870.4000244140625,874.7000122070312,285748
872.4500122070312,873.7999877929688,870.6500244140625,871.0999755859375,234630
871.2000122070312,873.2999877929688,871.0,872.4500122070312,187578
871.2999877929688,872.7999877929688,867.5,871.0499877929688,543834
867.25,871.5999755859375,866.5499877929688,871.0499877929688,386572
868.0,868.5,865.7000122070312,867.2999877929688,571755
866.7999877929688,869.4000244140625,866.0499877929688,868.0,780029
866.3499755859375,867.0,865.4500122070312,866.5999755859375,157016
865.4000244140625,867.0999755859375,864.7000122070312,866.3499755859375,252068
865.9000244140625,866.0,863.75,865.4500122070312,381939
865.0999755859375,866.0,864.5,865.75,327517
864.6500244140625,865.25,864.0499877929688,865.25,202167
864.9500122070312,866.25,864.0,864.9000244140625,289380
866.7000122070312,867.5,864.0499877929688,865.0,290649
864.4000244140625,867.3499755859375,864.4000244140625,866.7000122070312,310159
866.7000122070312,867.7999877929688,864.0,864.4500122070312,285752
866.0499877929688,867.5,865.4000244140625,866.75,440346
867.5999755859375,868.0,864.7999877929688,866.0499877929688,361380
869.0499877929688,869.7000122070312,867.3499755859375,867.5999755859375,462638
866.5999755859375,869.3499755859375,866.2999877929688,869.0,278541
866.2999877929688,868.0999755859375,865.3499755859375,866.5,464905
866.2000122070312,866.6500244140625,865.1500244140625,866.2000122070312,327553
864.6500244140625,866.7999877929688,864.5,866.2000122070312,732989
863.0499877929688,865.3499755859375,862.9500122070312,864.6500244140625,1066004
864.0999755859375,865.5,862.9000244140625,863.3499755859375,918703
866.9500122070312,869.0,864.5999755859375,866.25,195791
866.5499877929688,868.6500244140625,863.7999877929688,866.8499755859375,655268
872.0,872.6500244140625,866.7999877929688,866.9000244140625,386011
870.0999755859375,873.0,869.25,871.8499755859375,277541
868.2999877929688,870.0999755859375,868.1500244140625,870.0999755859375,135789
867.7999877929688,870.0,867.2999877929688,868.4000244140625,170904
870.5999755859375,871.7999877929688,867.6500244140625,867.9500122070312,239354
870.0,870.9000244140625,869.5999755859375,870.5999755859375,139574
867.9500122070312,871.0,867.25,870.0999755859375,213191
866.4000244140625,868.7999877929688,865.0,867.6500244140625,366247
865.9000244140625,866.0,864.5999755859375,866.0,185277
867.9000244140625,871.4500122070312,865.9000244140625,865.9000244140625,396241
868.5,869.4000244140625,866.7999877929688,867.9000244140625,389826
868.2999877929688,869.2999877929688,866.7999877929688,868.5,332554
866.5499877929688,869.7999877929688,866.5,868.3499755859375,459612
866.7999877929688,867.4500122070312,865.1500244140625,866.7999877929688,274192
865.75,867.3499755859375,865.75,866.9000244140625,227614
867.5,867.7000122070312,865.4000244140625,865.7999877929688,349992
867.3499755859375,868.5,866.5999755859375,867.5999755859375,217036
865.2999877929688,867.3499755859375,865.2999877929688,867.3499755859375,100998
864.9000244140625,865.4000244140625,864.2000122070312,865.2999877929688,215309
867.1500244140625,867.4500122070312,864.6500244140625,865.0,256339
866.9500122070312,868.3499755859375,866.1500244140625,867.0,622069
867.2000122070312,868.0,866.8499755859375,866.9000244140625,391286
867.7000122070312,867.75,866.7000122070312,867.0499877929688,563321
869.5,870.8499755859375,862.7999877929688,868.5999755859375,489361
865.5499877929688,869.75,865.2999877929688,869.75,229545
866.7000122070312,867.0,864.7999877929688,865.5499877929688,151259
868.25,869.2999877929688,866.0999755859375,866.7000122070312,232896
869.9500122070312,870.4000244140625,868.0999755859375,868.25,301658
869.9000244140625,871.2000122070312,869.4500122070312,869.7999877929688,239500
868.0499877929688,870.6500244140625,867.5,869.5499877929688,164985
866.4500122070312,868.75,866.1500244140625,868.0999755859375,412133
866.7000122070312,867.3499755859375,865.5499877929688,866.4500122070312,301344
867.5,867.8499755859375,866.0,866.7000122070312,304237
868.75,868.9000244140625,866.7000122070312,867.5,249987
867.2000122070312,868.9000244140625,866.9000244140625,868.75,244867
867.5,867.6500244140625,867.0,867.4500122070312,87717
866.6500244140625,867.6500244140625,865.7000122070312,867.3499755859375,253724
866.4000244140625,867.3499755859375,866.0,866.7000122070312,216619
867.9000244140625,868.0,865.7000122070312,866.0499877929688,176103
867.5499877929688,868.8499755859375,866.7999877929688,867.8499755859375,229099
867.2000122070312,868.5,867.0499877929688,867.5499877929688,311299
868.5499877929688,868.5999755859375,865.9500122070312,867.0999755859375,289452
868.9000244140625,870.0,867.2000122070312,868.5499877929688,391931
867.9000244140625,869.4000244140625,867.4000244140625,868.9000244140625,257661
869.9500122070312,870.5,867.4500122070312,867.75,387646
874.7000122070312,875.2999877929688,868.2000122070312,870.0,640364
874.0999755859375,875.0999755859375,873.0999755859375,875.0,433971
873.0,874.6500244140625,873.0,874.0499877929688,481494
870.0499877929688,874.1500244140625,870.0,874.1500244140625,486715
871.4000244140625,872.0,868.7000122070312,870.7000122070312,326151
870.7000122070312,872.7999877929688,870.2999877929688,871.2999877929688,256340
869.7000122070312,870.7000122070312,869.2000122070312,870.7000122070312,283957
868.2000122070312,870.0,867.2000122070312,869.7000122070312,358761
870.4000244140625,870.5,867.8499755859375,868.2000122070312,238884
869.5999755859375,870.5,869.1500244140625,870.4000244140625,141640
868.5999755859375,869.75,868.5,869.6500244140625,113919
869.0,869.3499755859375,866.2000122070312,868.5999755859375,445268
867.4000244140625,869.2000122070312,866.5,868.9000244140625,325326
868.4500122070312,868.5499877929688,867.0999755859375,867.4500122070312,193883
869.3499755859375,869.4500122070312,867.5999755859375,868.3499755859375,299842
869.7000122070312,870.75,868.4500122070312,869.3499755859375,376965
869.75,870.4500122070312,867.9000244140625,869.7000122070312,425230
869.6500244140625,870.4000244140625,868.6500244140625,869.7000122070312,256203
869.5,870.0,868.8499755859375,869.6500244140625,267918
870.1500244140625,870.2999877929688,868.9000244140625,869.5,232081
870.75,870.7999877929688,868.5499877929688,870.1500244140625,269086
869.8499755859375,872.5,869.5999755859375,870.8499755859375,398390
870.5999755859375,870.6500244140625,869.2000122070312,869.8499755859375,288561
868.2999877929688,870.5999755859375,867.7999877929688,870.1500244140625,361013
866.7999877929688,868.7999877929688,866.75,868.2999877929688,312155
867.0,868.5,866.7000122070312,866.7999877929688,457871
863.7000122070312,867.0999755859375,863.5,867.0,1192507
864.1500244140625,864.6500244140625,863.1500244140625,863.5999755859375,929814
863.75,866.7999877929688,861.0999755859375,866.7999877929688,148347
865.5999755859375,865.7000122070312,862.7000122070312,863.5,205661
865.25,865.7999877929688,862.1500244140625,865.7000122070312,246526
865.8499755859375,867.7999877929688,864.8499755859375,865.25,188486
865.3499755859375,866.0,864.0,866.0,125706
865.2000122070312,866.0,864.5,865.5,93374
862.5,865.2000122070312,862.0,865.2000122070312,147746
859.0,862.5499877929688,858.5999755859375,862.4500122070312,266477
859.9000244140625,861.0,857.2999877929688,859.1500244140625,366191
860.1500244140625,860.5,858.75,859.7999877929688,225024
860.3499755859375,861.3499755859375,859.5,860.25,444978
859.2000122070312,860.4500122070312,858.5999755859375,860.3499755859375,243398
858.2999877929688,859.8499755859375,858.0,859.3499755859375,224298
858.2000122070312,859.0,857.5999755859375,858.25,232375
860.7000122070312,861.3499755859375,858.4000244140625,858.4000244140625,426347
860.6500244140625,861.7000122070312,859.7000122070312,860.8499755859375,287569
859.8499755859375,861.7000122070312,859.4500122070312,860.4000244140625,354140
861.9000244140625,863.2999877929688,859.7999877929688,859.8499755859375,252746
862.2000122070312,862.7999877929688,861.2999877929688,862.0,255588
859.9500122070312,862.9000244140625,859.25,862.2000122070312,331223
859.9500122070312,861.2000122070312,859.2999877929688,860.0,250602
858.7999877929688,859.9000244140625,858.5999755859375,859.7999877929688,210482
858.7999877929688,859.0,858.0,859.0,300885
858.5999755859375,858.9500122070312,857.6500244140625,858.75,337594
858.25,859.0499877929688,857.25,858.5499877929688,630633
861.6500244140625,862.5999755859375,858.1500244140625,860.9500122070312,141308
860.0499877929688,861.8499755859375,859.75,861.6500244140625,109321
860.1500244140625,860.7999877929688,859.0999755859375,860.0,103154
859.8499755859375,860.2000122070312,859.0,859.9500122070312,74124
860.4500122070312,861.9000244140625,859.5999755859375,859.8499755859375,109908
860.9000244140625,861.25,860.4000244140625,860.5999755859375,54945
859.9500122070312,861.0999755859375,859.3499755859375,860.7999877929688,164413
860.5499877929688,861.25,858.4000244140625,860.0,434477
862.5,862.9000244140625,860.5,860.5499877929688,418570
863.9500122070312,864.0,861.7000122070312,862.4000244140625,475891
861.7000122070312,865.7999877929688,861.5499877929688,864.0,425961
861.3499755859375,863.0499877929688,861.3499755859375,861.6500244140625,177450
860.6500244140625,862.4500122070312,860.5999755859375,861.5999755859375,102543
860.1500244140625,861.5,859.0,860.9000244140625,300810
860.3499755859375,861.3499755859375,859.7000122070312,860.1500244140625,173224
860.2999877929688,861.9500122070312,859.6500244140625,860.5999755859375,335455
860.4000244140625,860.9500122070312,859.5999755859375,860.5499877929688,108206
861.0,861.25,859.75,860.4000244140625,168037
860.7999877929688,861.5499877929688,859.75,861.1500244140625,386478
860.7999877929688,865.0,860.75,860.9000244140625,341437
860.5999755859375,861.0499877929688,859.7999877929688,860.9500122070312,234404
861.75,862.9000244140625,860.6500244140625,860.6500244140625,444476
861.4000244140625,862.2000122070312,860.6500244140625,861.9500122070312,295262
861.8499755859375,863.0999755859375,861.4000244140625,861.9000244140625,667298
862.0,862.8499755859375,861.4000244140625,861.9500122070312,637082
870.0,870.8499755859375,861.6500244140625,862.0999755859375,333735
870.5499877929688,871.8499755859375,868.8499755859375,870.0,342473
872.9000244140625,873.0,869.25,870.5499877929688,422289
879.25,880.1500244140625,872.9500122070312,872.9500122070312,1413476
880.0,881.4000244140625,878.5,879.25,904919
882.5499877929688,883.2999877929688,880.0,880.0,800256
882.7999877929688,883.3499755859375,882.0,882.9000244140625,688766
880.0999755859375,883.75,879.2999877929688,882.75,785204
879.5,881.5499877929688,879.0999755859375,880.3499755859375,373812
879.5499877929688,880.6500244140625,878.6500244140625,879.7999877929688,639291
881.3499755859375,881.7000122070312,879.5,879.5,270853
882.1500244140625,882.5,880.4500122070312,881.7000122070312,1065011
880.5,882.5499877929688,880.0999755859375,881.9000244140625,554206
880.7999877929688,881.0,880.25,880.4500122070312,165919
882.2000122070312,882.2999877929688,880.7999877929688,880.7999877929688,261387
880.3499755859375,883.4000244140625,880.0,882.25,570464
880.75,881.9000244140625,880.0,880.4500122070312,376080
880.5,882.1500244140625,880.4500122070312,880.75,159008
880.4000244140625,881.0,880.0999755859375,880.5499877929688,380077
880.4500122070312,880.8499755859375,879.5999755859375,880.1500244140625,384815
880.3499755859375,880.75,879.7000122070312,880.4500122070312,210038
880.4000244140625,880.75,879.8499755859375,880.4000244140625,249745
880.5,880.9000244140625,879.2999877929688,880.4000244140625,442747
881.2000122070312,881.7000122070312,879.5,880.7000122070312,775199
880.9500122070312,881.5499877929688,879.9000244140625,881.2000122070312,982327
877.6500244140625,880.25,876.8499755859375,876.8499755859375,362170
881.5999755859375,881.6500244140625,876.0,877.5999755859375,517075
885.2999877929688,885.7000122070312,881.0999755859375,881.5,903581
885.2999877929688,885.3499755859375,884.0999755859375,885.2999877929688,358139
886.1500244140625,887.4000244140625,885.0999755859375,885.0999755859375,463028
887.2000122070312,888.0499877929688,885.3499755859375,885.9500122070312,938325
885.4000244140625,887.8499755859375,884.7000122070312,887.4000244140625,729196
886.75,887.4000244140625,885.0,885.3499755859375,390322
885.0999755859375,887.0,885.0,886.75,258890
884.8499755859375,885.75,883.8499755859375,885.4000244140625,295900
885.7999877929688,886.0,884.5999755859375,884.5999755859375,313831
884.9000244140625,885.9000244140625,884.3499755859375,885.6500244140625,377684
885.0,885.0,884.4000244140625,884.5,188519
885.5,885.5,884.1500244140625,885.0,297242
885.0,885.6500244140625,884.5499877929688,885.1500244140625,244512
885.5999755859375,885.6500244140625,884.1500244140625,885.0499877929688,316692
884.7000122070312,885.7999877929688,884.2000122070312,885.4500122070312,248063
884.9000244140625,885.4500122070312,884.0999755859375,884.7999877929688,188156
882.7000122070312,885.25,882.0,884.8499755859375,433195
882.25,884.0,882.0499877929688,882.7000122070312,265335
884.8499755859375,885.9000244140625,882.2000122070312,882.3499755859375,513553
883.8499755859375,885.4000244140625,883.0,884.8499755859375,443558
883.5499877929688,884.25,882.25,883.75,756521
882.5999755859375,883.5,882.5,883.1500244140625,677301
884.0,884.0,882.2000122070312,882.5999755859375,1009694
881.25,883.9000244140625,879.8499755859375,883.4500122070312,314838
880.1500244140625,882.3499755859375,880.0999755859375,881.5,278914
878.9000244140625,880.7999877929688,878.5,880.0,176956
879.0,880.0,878.0,878.9000244140625,268467
878.2999877929688,879.2000122070312,877.5499877929688,879.0999755859375,226189
878.9000244140625,878.9000244140625,877.3499755859375,878.3499755859375,399918
878.6500244140625,879.5,878.2000122070312,878.6500244140625,172797
877.0,878.75,876.2000122070312,878.6500244140625,163152
875.0,877.0999755859375,873.7000122070312,877.0999755859375,308898
875.9500122070312,876.0999755859375,873.7999877929688,875.0,131507
877.4500122070312,877.5999755859375,875.4000244140625,876.0999755859375,92761
875.7999877929688,878.0,875.2000122070312,877.4500122070312,291228
875.3499755859375,876.4000244140625,874.8499755859375,875.7999877929688,130997
875.0999755859375,876.7000122070312,874.5999755859375,875.2999877929688,329467
876.0499877929688,876.5499877929688,874.75,874.9000244140625,115913
874.5499877929688,876.3499755859375,873.4000244140625,876.0499877929688,174754
874.5999755859375,874.9500122070312,873.5,874.5999755859375,122217
874.0499877929688,875.7000122070312,874.0,874.5499877929688,209758
873.9000244140625,874.9500122070312,873.0,874.4000244140625,239768
874.0,874.5499877929688,872.0999755859375,873.9000244140625,313542
875.3499755859375,875.9000244140625,872.9000244140625,874.0999755859375,383511
877.4000244140625,877.5999755859375,875.25,875.4000244140625,475668
877.5499877929688,877.7999877929688,876.0499877929688,877.2999877929688,425609
876.5499877929688,878.0,875.5499877929688,877.8499755859375,936574
876.9500122070312,877.9500122070312,875.2000122070312,876.5499877929688,733168
879.1500244140625,881.25,878.4500122070312,878.5499877929688,179242
878.0,879.8499755859375,877.5499877929688,879.2999877929688,166966
879.1500244140625,879.2999877929688,877.0499877929688,878.0499877929688,126713
882.4500122070312,882.5499877929688,879.0,879.1500244140625,311109
882.75,883.2999877929688,882.2000122070312,882.4500122070312,232593
882.5499877929688,883.5999755859375,882.0499877929688,882.8499755859375,132390
883.4000244140625,883.9000244140625,882.0999755859375,882.5499877929688,213144
883.9500122070312,884.75,883.4000244140625,883.5,332629
884.2999877929688,884.5,883.5999755859375,883.7999877929688,97948
883.25,885.0,882.7999877929688,884.2999877929688,179077
884.0,884.4000244140625,882.2999877929688,883.0999755859375,382866
885.0,885.4500122070312,882.8499755859375,884.0499877929688,438313
886.0999755859375,886.9500122070312,885.0,885.0,463445
886.9000244140625,887.5,885.5499877929688,886.25,451815
886.5999755859375,887.0499877929688,885.9000244140625,887.0499877929688,259335
885.75,886.7000122070312,885.0,886.5999755859375,113056
884.9000244140625,886.5,884.0999755859375,885.75,327173
884.8499755859375,885.75,884.5,885.0,112100
883.75,884.8499755859375,883.4000244140625,884.7999877929688,135414
883.5,884.2999877929688,883.0999755859375,883.75,123938
884.0,885.0,883.1500244140625,883.5,276250
885.0499877929688,885.4500122070312,883.3499755859375,884.0,312668
885.75,885.75,883.75,885.0499877929688,818863
886.0999755859375,886.25,885.0,885.3499755859375,418658
886.0999755859375,887.5,885.0,886.0499877929688,1474554
886.4500122070312,888.3499755859375,882.5,888.3499755859375,255017
886.0,887.8499755859375,886.0,886.75,375095
884.5999755859375,887.0499877929688,884.4000244140625,886.25,171617
883.8499755859375,885.25,883.5,884.6500244140625,267864
884.9000244140625,885.1500244140625,883.7000122070312,883.8499755859375,136781
884.75,885.5,884.4500122070312,884.9000244140625,77811
884.25,884.7999877929688,884.0999755859375,884.75,111275
885.0,885.2999877929688,884.0,884.4500122070312,148975
884.75,885.0499877929688,884.5,885.0,68406
884.6500244140625,885.5,884.5499877929688,885.0,154897
884.0,884.9500122070312,883.0499877929688,884.5999755859375,235810
884.0,884.7999877929688,883.6500244140625,883.7999877929688,162125
887.3499755859375,887.4500122070312,884.0,884.0499877929688,337325
887.25,888.0,886.4000244140625,887.4000244140625,483753
886.9500122070312,887.4500122070312,886.5,887.25,715575
889.2000122070312,889.8499755859375,886.2999877929688,886.8499755859375,440443
889.6500244140625,889.7999877929688,887.5,889.25,554769
889.7000122070312,890.2000122070312,889.0999755859375,889.5999755859375,442640
889.75,889.8499755859375,888.4500122070312,889.7000122070312,264191
890.7999877929688,891.7999877929688,889.4000244140625,889.8499755859375,463420
888.7999877929688,891.2000122070312,888.6500244140625,890.8499755859375,366309
888.7999877929688,889.5499877929688,888.2999877929688,888.7999877929688,412847
887.2999877929688,889.0999755859375,887.0999755859375,888.7999877929688,440627
886.6500244140625,888.2000122070312,885.8499755859375,887.5999755859375,557529
886.0499877929688,887.5,886.0,887.0,404036
888.4000244140625,890.2000122070312,885.0999755859375,885.0999755859375,187927
887.7000122070312,888.4500122070312,887.0999755859375,888.1500244140625,153258
886.1500244140625,888.0,883.7000122070312,887.9500122070312,215397
887.4000244140625,888.0,885.9000244140625,886.0499877929688,130623
886.9000244140625,887.6500244140625,886.2999877929688,887.4000244140625,127894
888.5499877929688,889.7000122070312,886.7000122070312,886.8499755859375,289724
890.2999877929688,890.5999755859375,888.6500244140625,888.9000244140625,210558
894.0,894.7000122070312,890.0,890.2999877929688,516497
891.9000244140625,894.3499755859375,891.5999755859375,893.9500122070312,307985
891.2000122070312,892.7999877929688,890.75,892.0999755859375,230304
891.9000244140625,892.3499755859375,889.0499877929688,890.75,613865
890.75,892.0,890.1500244140625,891.9000244140625,207410
890.7999877929688,891.25,889.5999755859375,890.75,297861
888.9500122070312,890.9500122070312,887.7000122070312,890.9500122070312,277968
886.3499755859375,889.5,885.0,888.7000122070312,539283
885.2999877929688,886.9000244140625,884.2999877929688,886.2999877929688,271863
885.5999755859375,887.0,884.7000122070312,885.25,295248
885.5999755859375,885.75,883.0,885.2000122070312,431857
887.5,887.7000122070312,884.5,885.5999755859375,391117
887.7000122070312,890.0,886.8499755859375,887.5499877929688,511681
887.3499755859375,890.5499877929688,886.4000244140625,887.7000122070312,667992
889.4500122070312,890.5499877929688,887.0,887.25,330228
889.3499755859375,890.2999877929688,888.0,889.4000244140625,438418
888.8499755859375,889.8499755859375,888.5,889.3499755859375,366332
889.1500244140625,889.5,887.0999755859375,888.7000122070312,372696
895.0499877929688,897.9000244140625,891.7000122070312,893.5999755859375,394799
897.6500244140625,898.4000244140625,893.5,895.0499877929688,270203
896.5999755859375,900.0,896.5499877929688,897.7999877929688,571793
897.8499755859375,897.8499755859375,895.3499755859375,896.5999755859375,192366
897.75,898.9000244140625,897.0,897.9000244140625,210463
903.2999877929688,904.9000244140625,897.6500244140625,897.75,2047757
907.4500122070312,907.8499755859375,903.3499755859375,903.7999877929688,771093
908.2000122070312,909.75,907.0499877929688,907.75,709357
908.3499755859375,909.0,906.25,907.9500122070312,246237
906.0,908.5,905.5,908.3499755859375,185107
908.4000244140625,908.5,905.75,905.7999877929688,174259
908.3499755859375,908.9000244140625,906.7000122070312,908.25,148760
910.4500122070312,911.3499755859375,907.75,908.4000244140625,550147
911.0,913.5999755859375,910.5,910.75,660141
908.4000244140625,911.4500122070312,907.1500244140625,911.0,594380
908.2000122070312,909.0,908.0,908.4500122070312,307715
907.7999877929688,908.6500244140625,906.5,908.0499877929688,337640
907.4000244140625,908.4500122070312,906.9000244140625,907.5499877929688,249305
907.1500244140625,907.9000244140625,906.0,907.75,342088
906.8499755859375,907.6500244140625,906.0999755859375,907.0,313596
905.0499877929688,907.7999877929688,905.0,907.1500244140625,549665
905.9000244140625,907.25,905.0499877929688,905.2000122070312,364498
906.2000122070312,907.25,905.0,905.9000244140625,408688
908.2999877929688,908.5499877929688,905.0999755859375,906.5,1271738
907.5,908.3499755859375,905.8499755859375,908.2999877929688,1149021
908.0,908.0,908.0,908.0,0
908.0,909.9500122070312,906.6500244140625,908.4500122070312,637366
907.5999755859375,908.0,906.7000122070312,907.7999877929688,273129
907.9000244140625,908.5,907.5,907.5999755859375,364227
907.0499877929688,908.4500122070312,907.0,907.8499755859375,454952
907.8499755859375,907.8499755859375,907.0499877929688,907.0499877929688,1543
908.7999877929688,911.5499877929688,904.8499755859375,910.2000122070312,387337
909.5499877929688,911.4500122070312,908.5,909.0,444166
913.5,913.5,909.9000244140625,909.9000244140625,444854
914.5499877929688,915.7000122070312,913.0,913.5,717051
913.0999755859375,916.0,912.7999877929688,914.5,417069
914.0499877929688,914.25,912.0,912.5999755859375,572376
914.5,914.6500244140625,913.1500244140625,914.0999755859375,555134
915.5,915.7000122070312,914.5499877929688,914.5499877929688,375754
917.0999755859375,917.5,915.3499755859375,915.5499877929688,369001
917.9000244140625,917.9000244140625,917.0,917.1500244140625,397758
917.0499877929688,918.0,915.7999877929688,917.8499755859375,456075
915.7999877929688,917.4000244140625,915.25,916.7999877929688,490421
915.0999755859375,915.9500122070312,914.0,915.75,661301
914.5999755859375,915.6500244140625,914.4500122070312,915.0999755859375,462559
912.5,914.8499755859375,912.4000244140625,914.5,477773
912.9500122070312,913.2000122070312,911.5999755859375,912.75,466561
913.7999877929688,913.9000244140625,912.1500244140625,913.0,319163
912.5499877929688,913.9500122070312,911.1500244140625,913.9000244140625,315280
911.0999755859375,913.3499755859375,910.7999877929688,912.5499877929688,409181
910.4000244140625,911.25,909.2999877929688,911.25,398499
911.1500244140625,911.6500244140625,910.0,910.2000122070312,485631
915.5999755859375,915.7999877929688,911.0,911.0999755859375,691857
914.7000122070312,915.6500244140625,914.2999877929688,915.3499755859375,579182
910.5499877929688,914.75,910.5,914.75,986095
909.9500122070312,911.75,909.0499877929688,910.5499877929688,872104
911.5499877929688,912.0,909.25,910.9500122070312,147506
912.5999755859375,914.0,910.8499755859375,911.3499755859375,233110
910.7999877929688,912.8499755859375,910.75,912.5,145464
907.7000122070312,911.1500244140625,907.7000122070312,910.7999877929688,218199
905.0,908.0,904.6500244140625,907.6500244140625,320247
903.7000122070312,905.2000122070312,902.5,904.9000244140625,193304
904.5999755859375,904.7999877929688,903.5499877929688,903.6500244140625,110988
905.9000244140625,906.2000122070312,904.5,904.5999755859375,260736
903.75,906.9000244140625,903.0,905.9500122070312,328292
904.4000244140625,904.8499755859375,903.25,903.4000244140625,160515
902.7999877929688,905.0,902.7000122070312,904.5,197068
906.25,906.2999877929688,902.6500244140625,902.7999877929688,359894
906.6500244140625,907.9000244140625,906.0,906.5,154119
906.5999755859375,907.5,906.0,906.5999755859375,146763
905.75,906.7999877929688,904.7000122070312,906.7000122070312,114809
905.9000244140625,906.4000244140625,905.2999877929688,905.7000122070312,90505
903.7999877929688,906.0499877929688,903.5999755859375,905.9000244140625,267057
901.4500122070312,904.2000122070312,901.4500122070312,903.9500122070312,185025
901.3499755859375,902.4000244140625,900.9500122070312,901.5,163979
902.5,903.5,901.0999755859375,901.5499877929688,129075
904.0999755859375,904.1500244140625,902.4500122070312,902.75,133081
903.5999755859375,904.7000122070312,902.5999755859375,903.9500122070312,196821
903.7000122070312,904.0999755859375,903.0,903.5,85121
904.8499755859375,905.0,903.4000244140625,903.4000244140625,446692
904.0,904.9000244140625,903.0999755859375,904.75,383186
913.2999877929688,913.9500122070312,906.9000244140625,906.9000244140625,250682
911.9500122070312,914.9500122070312,911.7999877929688,913.5,344691
913.2000122070312,913.9000244140625,912.0,912.0,139223
915.9500122070312,917.0,912.9500122070312,913.2000122070312,415785
916.7000122070312,918.4000244140625,915.75,916.0,322764
916.0999755859375,917.9500122070312,915.9000244140625,916.6500244140625,212720
917.5,917.7000122070312,916.2999877929688,916.4000244140625,181219
918.5,918.7000122070312,917.1500244140625,917.4500122070312,215402
918.9500122070312,919.0,918.0,918.7000122070312,236162
917.5999755859375,919.4000244140625,917.5,918.9000244140625,308559
917.0,918.25,916.9000244140625,917.5,397152
917.9000244140625,918.0,916.8499755859375,917.0,198219
917.4500122070312,918.0999755859375,916.8499755859375,917.9500122070312,204552
917.6500244140625,917.9500122070312,915.3499755859375,917.4500122070312,283077
918.5,919.0,917.6500244140625,918.0,275306
918.1500244140625,918.7000122070312,917.7000122070312,918.25,321314
916.4500122070312,918.25,915.5499877929688,918.1500244140625,388750
917.75,918.5,915.7999877929688,916.0999755859375,338935
916.7999877929688,917.9000244140625,916.5,917.75,295605
916.5,918.0,916.3499755859375,916.6500244140625,320039
918.75,918.9000244140625,916.3499755859375,916.5,334894
918.0,919.0,917.6500244140625,918.7999877929688,267852
918.5,918.5,916.6500244140625,918.2999877929688,299441
918.6500244140625,918.9500122070312,918.0499877929688,918.5,428193
926.5,927.9000244140625,918.2999877929688,918.7000122070312,1896475
932.5499877929688,933.5999755859375,927.2000122070312,928.5999755859375,954080
930.0999755859375,935.7999877929688,929.25,932.5,1530232
926.6500244140625,930.2000122070312,926.25,930.2000122070312,1031649
924.25,926.9500122070312,922.6500244140625,926.9500122070312,980953
921.2999877929688,924.25,921.0,924.25,546257
919.7999877929688,921.7999877929688,919.0,921.5,642518
919.0499877929688,920.25,918.2999877929688,919.6500244140625,458022
918.3499755859375,919.3499755859375,918.0,919.0499877929688,278938
919.2999877929688,920.7999877929688,917.9500122070312,918.2999877929688,1115835
918.7000122070312,920.0,918.4000244140625,919.2999877929688,502588
921.6500244140625,923.25,918.0,918.75,618315
925.7000122070312,925.75,921.5499877929688,921.5999755859375,421559
926.1500244140625,926.4000244140625,923.5,925.6500244140625,537056
928.7999877929688,929.0499877929688,924.4500122070312,925.9500122070312,698248
929.5999755859375,930.4000244140625,928.3499755859375,928.7999877929688,645461
929.1500244140625,930.2000122070312,928.3499755859375,929.6500244140625,392999
930.4000244140625,931.4000244140625,928.2000122070312,929.1500244140625,403060
927.2999877929688,931.7000122070312,927.25,930.4000244140625,675999
930.4000244140625,930.5,927.2000122070312,927.2000122070312,647908
928.3499755859375,931.25,927.0999755859375,930.2999877929688,729640
927.0,929.0,926.0,928.3499755859375,764092
926.5,929.0,925.9500122070312,927.0,903878
927.8499755859375,928.4500122070312,926.2999877929688,926.2999877929688,857707
930.4500122070312,930.5,927.7000122070312,927.7000122070312,2272385
930.1500244140625,932.0,930.0,930.2999877929688,2310654
937.1500244140625,937.8499755859375,930.25,933.0,466435
934.8499755859375,938.7999877929688,933.2000122070312,937.0999755859375,531805
935.5499877929688,936.9000244140625,934.75,934.9000244140625,201827
935.5,936.0,935.0,935.5,94779
936.7999877929688,937.0,933.2999877929688,935.0499877929688,185456
934.9500122070312,938.5,934.7999877929688,936.7999877929688,277171
935.2999877929688,936.4500122070312,934.0,934.5999755859375,292127
935.0,935.8499755859375,934.5,935.5,142235
933.5499877929688,937.0999755859375,932.9500122070312,935.0999755859375,444649
940.3499755859375,941.8499755859375,933.5999755859375,933.5999755859375,1013225
937.9000244140625,940.2999877929688,937.5499877929688,940.0,535926
938.0,939.8499755859375,937.3499755859375,937.9000244140625,510445
937.1500244140625,938.8499755859375,936.5,937.7999877929688,359669
938.2999877929688,938.2999877929688,936.0,937.1500244140625,434465
937.0,939.0999755859375,936.5499877929688,938.1500244140625,674694
938.25,938.4000244140625,935.2000122070312,937.2000122070312,511352
937.75,939.75,937.5999755859375,938.2999877929688,704191
939.2000122070312,940.5,937.7000122070312,937.7000122070312,559990
938.0,939.2999877929688,937.7000122070312,939.0499877929688,324251
939.2999877929688,939.3499755859375,937.9000244140625,938.0499877929688,373551
938.9500122070312,939.9000244140625,937.5,939.25,505092
939.4500122070312,940.2999877929688,938.7000122070312,938.9500122070312,526679
940.7000122070312,940.7999877929688,938.7000122070312,939.5,691676
939.8499755859375,940.7000122070312,939.0499877929688,940.7000122070312,680153
939.75,940.7999877929688,938.4500122070312,939.5999755859375,925138
938.1500244140625,942.2999877929688,936.5499877929688,938.0999755859375,923903
939.0999755859375,939.5,937.2000122070312,938.0,574044
937.4000244140625,940.5,937.0,939.0499877929688,504073
942.0,942.0,936.7000122070312,937.0999755859375,338786
941.2999877929688,943.3499755859375,939.7999877929688,941.75,294024
942.2999877929688,942.7999877929688,941.0999755859375,941.0999755859375,173828
941.7999877929688,943.0,941.5499877929688,942.2999877929688,263424
943.0999755859375,943.2999877929688,941.2000122070312,941.7999877929688,558512
942.1500244140625,944.7999877929688,942.0999755859375,943.2000122070312,660253
943.1500244140625,943.5,941.5499877929688,942.2000122070312,483080
941.7000122070312,943.2999877929688,941.2000122070312,943.0999755859375,545148
940.4500122070312,942.0,939.5,941.7000122070312,522543
941.8499755859375,942.1500244140625,940.2000122070312,940.5999755859375,267759
941.4000244140625,943.2000122070312,941.0499877929688,941.9000244140625,715982
940.9500122070312,941.6500244140625,939.9000244140625,941.3499755859375,374148
939.9500122070312,941.4000244140625,939.0,940.9500122070312,336852
939.25,940.0499877929688,939.0499877929688,940.0,348683
937.2999877929688,939.9000244140625,937.2999877929688,939.5,352096
937.7000122070312,938.2000122070312,936.0999755859375,937.3499755859375,375561
936.4000244140625,938.0999755859375,934.8499755859375,937.7000122070312,338579
937.5,937.7000122070312,935.5,936.4000244140625,232643
935.4000244140625,938.3499755859375,935.2000122070312,937.7000122070312,648867
934.8499755859375,936.4500122070312,934.5,935.4000244140625,637743
933.7000122070312,936.25,933.5499877929688,934.9500122070312,1305041
933.9000244140625,934.5,933.1500244140625,933.75,967037
939.25,939.3499755859375,930.25,934.7000122070312,312647
937.75,940.0,936.9500122070312,939.2000122070312,437517
939.9000244140625,940.0999755859375,936.4500122070312,937.6500244140625,362327
938.2999877929688,940.2999877929688,936.3499755859375,939.75,418621
937.5499877929688,938.4500122070312,936.0999755859375,938.4500122070312,174109
937.2000122070312,937.5,934.6500244140625,937.5,355999
936.3499755859375,938.3499755859375,936.0,937.2000122070312,250164
937.5,938.2999877929688,935.5499877929688,936.2999877929688,359606
943.5,944.4000244140625,937.2999877929688,937.5999755859375,790313
944.0499877929688,946.7000122070312,941.8499755859375,943.2999877929688,762814
945.2000122070312,946.25,943.9000244140625,943.9000244140625,477155
941.8499755859375,945.8499755859375,941.7000122070312,945.2000122070312,523616
940.3499755859375,943.0,940.2000122070312,941.7999877929688,552346
939.2999877929688,941.5,939.2000122070312,940.3499755859375,373861
941.3499755859375,941.8499755859375,938.5999755859375,939.3499755859375,479882
939.2999877929688,942.7000122070312,939.2999877929688,941.4000244140625,320848
939.4000244140625,940.5,939.0,939.3499755859375,230462
937.75,939.5499877929688,937.25,939.3499755859375,456730
938.5999755859375,938.7000122070312,937.6500244140625,937.6500244140625,163257
937.9000244140625,938.8499755859375,936.4000244140625,938.6500244140625,417132
939.9000244140625,939.9000244140625,937.0,938.0,311286
939.0999755859375,939.9000244140625,937.2000122070312,939.5499877929688,465460
938.6500244140625,939.0499877929688,937.6500244140625,939.0499877929688,224790
936.3499755859375,938.25,935.6500244140625,938.25,1164003
936.5499877929688,938.2999877929688,936.25,936.2999877929688,1424608
943.5999755859375,948.5,938.4000244140625,938.4000244140625,1120075
943.5499877929688,944.0,940.4000244140625,943.3499755859375,618249
942.7999877929688,944.5999755859375,941.7999877929688,943.3499755859375,260554
947.4000244140625,948.0,942.9000244140625,942.9500122070312,370456
949.7000122070312,950.3499755859375,946.2000122070312,947.6500244140625,548286
948.8499755859375,950.3499755859375,947.2000122070312,949.7000122070312,221198
947.75,949.3499755859375,947.2000122070312,948.8499755859375,263507
947.9000244140625,948.5,946.7999877929688,947.75,293630
946.75,947.9000244140625,945.9500122070312,947.9000244140625,225587
945.3499755859375,947.5,945.3499755859375,946.8499755859375,163408
945.9000244140625,948.0,944.0999755859375,945.5,685793
946.7999877929688,947.7000122070312,945.2999877929688,945.8499755859375,324289
947.2999877929688,949.0,946.5,946.5,304048
947.0499877929688,947.7999877929688,945.2000122070312,947.4500122070312,439307
947.9500122070312,948.1500244140625,946.6500244140625,947.0,141915
950.0,950.0,947.5499877929688,947.9000244140625,396273
952.0,952.4000244140625,950.0,950.0,534258
951.7000122070312,953.4000244140625,951.2000122070312,952.0,623783
951.5,951.7999877929688,948.1500244140625,951.3499755859375,829608
951.6500244140625,952.7000122070312,949.5,951.5,359540
951.2000122070312,952.8499755859375,951.2000122070312,951.6500244140625,564307
950.5499877929688,951.9000244140625,949.8499755859375,951.3499755859375,231259
950.2999877929688,951.0,950.0499877929688,950.6500244140625,277065
950.9500122070312,951.0999755859375,949.4000244140625,950.3499755859375,432197
949.0,951.5999755859375,947.9500122070312,950.9500122070312,1015686
945.5,952.0499877929688,944.5,952.0,308672
945.7000122070312,945.7000122070312,943.75,945.2000122070312,283784
943.7999877929688,945.7000122070312,943.1500244140625,945.7000122070312,433194
945.5999755859375,947.0,943.7999877929688,944.1500244140625,305155
946.7999877929688,946.9000244140625,944.0,945.2000122070312,695607
944.2999877929688,946.9000244140625,944.2999877929688,946.7999877929688,184724
949.5,949.7000122070312,944.0999755859375,944.2999877929688,312596
947.4000244140625,950.0499877929688,945.5,949.5,680217
947.3499755859375,948.1500244140625,945.8499755859375,947.2000122070312,169338
942.5999755859375,947.7000122070312,941.75,947.3499755859375,808742
942.7999877929688,943.7000122070312,942.0999755859375,942.5499877929688,204325
943.5999755859375,944.5499877929688,942.5499877929688,942.7999877929688,226003
944.3499755859375,945.9000244140625,942.7000122070312,943.5,181638
945.7999877929688,945.8499755859375,943.2999877929688,944.3499755859375,135587
943.1500244140625,946.5,942.5,945.7999877929688,727490
942.5,944.6500244140625,942.5,943.4500122070312,213198
954.9000244140625,954.9000244140625,941.5,942.6500244140625,1549393
956.7000122070312,958.4000244140625,944.7999877929688,955.0499877929688,3740338
956.9000244140625,958.5,952.1500244140625,957.0,1644260
954.2000122070312,956.7999877929688,950.9000244140625,956.6500244140625,711250
957.75,958.5,952.5,954.2000122070312,764147
957.5,958.4000244140625,955.5499877929688,957.7999877929688,698788
957.9500122070312,958.0,954.0,957.5499877929688,743605
958.5,959.0,957.0999755859375,958.0,1530510
954.5999755859375,958.6500244140625,954.1500244140625,958.5,1386673
967.4000244140625,971.0499877929688,962.7999877929688,966.5,1343503
964.6500244140625,968.1500244140625,964.0,967.5999755859375,1582464
963.7000122070312,965.25,962.5,964.7000122070312,1302197
960.7999877929688,964.3499755859375,959.9500122070312,963.6500244140625,1049486
963.7999877929688,963.9000244140625,960.7000122070312,961.2000122070312,908496
965.0499877929688,965.2000122070312,961.0999755859375,963.8499755859375,1118703
964.0499877929688,965.7000122070312,963.2999877929688,965.0,535302
960.3499755859375,964.9000244140625,960.2999877929688,964.0999755859375,540006
956.9000244140625,960.9000244140625,956.0,960.5999755859375,891353
955.75,957.0,955.5,956.4500122070312,502555
960.25,960.5499877929688,955.5999755859375,955.75,861312
960.4000244140625,962.0,960.0,960.0499877929688,503409
960.75,962.0999755859375,960.0,960.4000244140625,594300
962.75,964.4500122070312,960.5999755859375,960.75,737371
958.7999877929688,963.5,958.4500122070312,962.9000244140625,598748
958.0999755859375,961.75,956.5,958.5,760572
957.6500244140625,959.6500244140625,957.4000244140625,957.7000122070312,508131
959.4500122070312,960.25,956.6500244140625,957.6500244140625,645294
959.9000244140625,961.0,958.6500244140625,959.4000244140625,709400
962.5999755859375,962.5999755859375,959.2999877929688,959.7999877929688,1004433
961.25,963.1500244140625,960.5,962.5,637442
961.7000122070312,962.75,960.9500122070312,961.3499755859375,741422
961.75,962.7999877929688,961.2000122070312,961.7000122070312,1008164
961.5,962.0,960.4000244140625,961.8499755859375,1169197
960.75,962.4000244140625,958.75,961.5499877929688,1044091
953.0,958.5,950.25,958.5,419242
949.0,953.0499877929688,948.0999755859375,952.9500122070312,458127
947.0,949.7000122070312,944.5499877929688,949.1500244140625,572384
945.7000122070312,947.3499755859375,944.25,947.0,242709
947.5,948.0999755859375,944.0999755859375,945.75,374343
948.9000244140625,949.5999755859375,946.4500122070312,947.2999877929688,298498
946.4000244140625,949.9500122070312,946.25,949.0499877929688,259531
951.4000244140625,951.4500122070312,945.6500244140625,946.3499755859375,419745
951.5499877929688,952.5,951.0999755859375,951.4000244140625,545336
954.0,954.75,951.5499877929688,951.5499877929688,495340
952.4500122070312,954.5999755859375,950.2999877929688,954.0999755859375,685732
953.2000122070312,954.0,952.0,952.4000244140625,504061
954.2999877929688,954.6500244140625,952.0,953.2000122070312,494786
956.9500122070312,957.2000122070312,954.2000122070312,954.2999877929688,455461
958.6500244140625,959.1500244140625,956.5999755859375,956.9500122070312,482295
961.2000122070312,961.8499755859375,958.5999755859375,958.7999877929688,744307
962.0,962.2000122070312,960.3499755859375,961.25,496527
963.75,964.4500122070312,961.2000122070312,961.7000122070312,514487
961.5499877929688,964.7999877929688,960.4000244140625,963.6500244140625,706456
961.25,962.0999755859375,959.0,961.5499877929688,704715
960.9500122070312,962.5,960.5,961.25,932818
959.9000244140625,961.2000122070312,959.75,960.9500122070312,450453
958.0,959.75,957.5,959.75,452026
956.0,958.0,955.25,958.0,603507
955.8499755859375,956.6500244140625,954.0499877929688,955.9000244140625,743098
955.6500244140625,962.9500122070312,954.0999755859375,960.0,355586
954.25,956.9000244140625,953.6500244140625,955.6500244140625,265586
951.9500122070312,954.1500244140625,951.2999877929688,954.1500244140625,262162
952.6500244140625,953.3499755859375,951.2000122070312,951.9500122070312,155846
950.4000244140625,953.9500122070312,950.0,952.0,242156
950.0,951.5499877929688,949.0999755859375,950.3499755859375,155291
950.4500122070312,951.2999877929688,950.0,950.0,103533
951.8499755859375,952.0499877929688,950.0999755859375,950.5,113872
954.7999877929688,954.7999877929688,951.5999755859375,951.8499755859375,246250
955.0,955.2000122070312,953.9000244140625,954.7999877929688,464017
953.5,955.25,953.5,955.0499877929688,100923
952.5999755859375,953.7999877929688,952.4500122070312,953.7999877929688,112199
953.5499877929688,954.0,952.2999877929688,952.5999755859375,115666
954.3499755859375,954.4000244140625,952.5,953.5499877929688,155211
954.4500122070312,954.7000122070312,953.2000122070312,954.3499755859375,157840
953.0499877929688,954.75,952.7999877929688,954.4500122070312,152867
952.0999755859375,953.4000244140625,951.5499877929688,953.4000244140625,219114
950.5999755859375,952.4500122070312,950.2999877929688,952.0499877929688,213150
949.7999877929688,951.9000244140625,949.7000122070312,950.2999877929688,486505
951.0,951.9500122070312,949.9500122070312,950.0,340517
952.7000122070312,954.0,951.0999755859375,951.0999755859375,441842
952.0499877929688,953.4000244140625,951.75,953.0,422940
952.0999755859375,952.5,950.9000244140625,952.0,344221
951.9500122070312,952.9500122070312,951.5499877929688,952.2000122070312,392439
950.5499877929688,952.1500244140625,949.6500244140625,951.9500122070312,1037816
948.75,953.6500244140625,945.8499755859375,953.0,307317
948.1500244140625,949.5,947.4000244140625,948.9500122070312,192862
948.25,948.5,946.2000122070312,948.2000122070312,170572
946.6500244140625,948.1500244140625,946.3499755859375,948.0999755859375,263124
947.0499877929688,947.8499755859375,946.5999755859375,946.6500244140625,140382
945.25,946.7999877929688,945.0499877929688,946.75,215770
949.1500244140625,949.1500244140625,945.25,945.2999877929688,263329
948.75,949.5,948.2999877929688,949.1500244140625,168499
949.6500244140625,949.9000244140625,948.0999755859375,948.7999877929688,107348
949.9000244140625,950.4000244140625,949.0,949.5999755859375,228691
951.0,951.9000244140625,949.75,949.7999877929688,260135
950.5999755859375,952.3499755859375,950.1500244140625,950.75,127365
951.4000244140625,952.0499877929688,950.4500122070312,950.5999755859375,152065
950.2999877929688,952.9000244140625,950.2000122070312,951.4500122070312,321248
950.1500244140625,951.5,949.75,950.25,303306
950.0,950.4000244140625,949.0499877929688,949.9500122070312,523595
952.0499877929688,953.25,949.7999877929688,949.9500122070312,462258
952.9000244140625,954.5,952.0,952.0,397621
952.5499877929688,954.0,952.0,952.9000244140625,357164
951.4500122070312,953.0999755859375,951.4000244140625,952.2999877929688,358411
953.6500244140625,954.0,951.3499755859375,951.5,530819
953.25,954.0,952.0,953.6500244140625,382448
952.7000122070312,953.9000244140625,952.2000122070312,953.25,439192
953.3499755859375,953.7999877929688,952.0499877929688,952.9500122070312,1037918
953.5,954.5999755859375,952.9500122070312,953.4000244140625,644667
958.0499877929688,960.5,956.6500244140625,957.9000244140625,147880
960.4000244140625,960.4000244140625,957.9000244140625,958.0999755859375,241881
957.9000244140625,960.5,957.7000122070312,960.4000244140625,140239
957.9500122070312,958.9000244140625,957.5,957.9000244140625,172095
956.9000244140625,957.9000244140625,956.25,957.7999877929688,158878
957.7000122070312,957.8499755859375,954.9000244140625,956.8499755859375,223731
956.7999877929688,957.9500122070312,956.0999755859375,957.7000122070312,127274
957.6500244140625,958.9000244140625,956.4500122070312,956.7000122070312,218862
957.9500122070312,958.0,957.2000122070312,957.75,92042
958.0,958.5999755859375,957.3499755859375,957.9500122070312,135969
958.25,959.5999755859375,957.25,957.9500122070312,190410
957.4000244140625,958.5,957.2999877929688,958.2000122070312,95026
958.7000122070312,958.9500122070312,957.2999877929688,957.4000244140625,92164
960.9000244140625,961.5,958.7000122070312,958.75,254053
960.4000244140625,961.0,959.8499755859375,960.8499755859375,123035
959.5999755859375,960.5499877929688,959.4000244140625,960.5,103776
958.5999755859375,959.8499755859375,958.2999877929688,959.5499877929688,189544
959.3499755859375,960.0499877929688,958.5499877929688,958.6500244140625,229227
959.9000244140625,960.25,958.9500122070312,959.4000244140625,127336
958.9000244140625,960.4500122070312,958.4000244140625,960.0,263573
959.0999755859375,959.6500244140625,958.6500244140625,958.7999877929688,234886
958.2999877929688,960.25,957.0999755859375,959.0999755859375,476254
958.9500122070312,959.0,957.8499755859375,958.2999877929688,172646
959.1500244140625,960.2999877929688,958.5,958.9500122070312,577337
953.0999755859375,959.1500244140625,951.5,959.1500244140625,1950540
958.0499877929688,959.7000122070312,953.25,954.4500122070312,288033
960.1500244140625,960.75,956.9000244140625,958.0,389707
959.7999877929688,961.0,959.2000122070312,960.1500244140625,306080
962.4500122070312,963.9500122070312,959.7999877929688,959.7999877929688,584405
962.5499877929688,963.2999877929688,962.3499755859375,962.5999755859375,254559
962.0,962.9000244140625,961.6500244140625,962.6500244140625,226578
962.0999755859375,962.9000244140625,961.5999755859375,962.0499877929688,168983
960.5,962.5999755859375,960.4000244140625,962.25,276249
960.9500122070312,961.3499755859375,960.0999755859375,960.5999755859375,245816
960.9000244140625,961.7000122070312,960.5499877929688,960.9000244140625,215778
961.9000244140625,962.0,960.75,960.8499755859375,209003
961.0,962.4500122070312,960.75,961.9000244140625,187417
959.25,961.4000244140625,959.0,961.0,372478
957.8499755859375,959.4500122070312,956.25,959.25,347015
958.0,958.5,957.2999877929688,957.9000244140625,205384
958.0,958.5999755859375,957.2999877929688,958.0999755859375,278782
958.7999877929688,958.7999877929688,957.5999755859375,958.0499877929688,145762
958.6500244140625,959.25,958.2999877929688,958.7999877929688,197966
956.0,959.1500244140625,956.0,958.6500244140625,249555
954.9000244140625,956.25,953.25,956.1500244140625,375848
956.7000122070312,956.7000122070312,954.7000122070312,954.8499755859375,294767
956.8499755859375,957.2999877929688,956.25,956.7000122070312,454977
954.7000122070312,956.9000244140625,954.7000122070312,956.8499755859375,340493
953.9500122070312,955.9500122070312,953.9500122070312,954.75,733679
954.5,955.0,952.5,954.0,1355672
959.0,959.4500122070312,952.6500244140625,952.9500122070312,443461
960.25,960.9000244140625,958.5999755859375,959.0,367351
959.75,960.4000244140625,958.2999877929688,960.25,225611
958.7999877929688,959.7000122070312,958.0999755859375,959.7000122070312,234053
959.5,960.0,958.7999877929688,958.8499755859375,205304
958.2999877929688,960.0,957.4000244140625,959.5,299773
961.0499877929688,961.2000122070312,958.3499755859375,958.3499755859375,380771
962.0,962.2999877929688,960.7000122070312,961.0999755859375,323078
960.9000244140625,962.4000244140625,960.2000122070312,962.0,252997
959.2999877929688,961.25,959.0,961.0499877929688,241015
959.5,960.0,959.2000122070312,959.2999877929688,183425
959.9500122070312,960.0,959.5,959.5499877929688,238284
959.3499755859375,960.0,959.0,959.8499755859375,315134
959.5,959.9000244140625,958.9000244140625,959.3499755859375,170666
959.7000122070312,960.0,959.4000244140625,959.6500244140625,225808
957.9500122070312,959.6500244140625,957.1500244140625,959.6500244140625,587221
959.5999755859375,959.5999755859375,957.8499755859375,958.0,430069
958.5499877929688,959.5999755859375,958.4000244140625,959.5999755859375,224311
959.25,959.2999877929688,958.2000122070312,958.5999755859375,258738
961.0499877929688,962.0,959.25,959.2999877929688,388724
962.6500244140625,962.7999877929688,960.5999755859375,961.0,286218
964.75,965.0,962.2000122070312,962.6500244140625,489590
962.75,964.9500122070312,961.3499755859375,964.75,583802
967.9500122070312,968.5999755859375,963.4000244140625,963.4000244140625,1624964
967.5499877929688,969.0499877929688,967.25,967.9000244140625,1751626
973.7000122070312,975.6500244140625,970.0499877929688,971.0,439936
974.2000122070312,974.9000244140625,973.0,973.7000122070312,411608
974.3499755859375,974.4000244140625,972.5499877929688,974.2999877929688,308800
973.5,976.0,973.0999755859375,974.3499755859375,360762
973.25,974.7999877929688,973.1500244140625,973.5,222667
972.2999877929688,974.0,971.5499877929688,973.2999877929688,235462
973.1500244140625,973.2000122070312,971.5999755859375,972.2999877929688,270234
974.0,974.0,972.7999877929688,973.1500244140625,143504
973.4500122070312,974.4500122070312,973.25,973.9500122070312,188020
972.5999755859375,973.5499877929688,972.0999755859375,973.3499755859375,189883
973.0,973.0,971.9500122070312,972.5499877929688,147279
972.9500122070312,973.5,972.9000244140625,973.0,151154
973.0999755859375,973.5,972.9500122070312,972.9500122070312,165199
972.9500122070312,973.4500122070312,972.7000122070312,973.1500244140625,153111
972.7000122070312,974.4000244140625,972.5499877929688,972.9500122070312,237297
971.9500122070312,972.7000122070312,971.7000122070312,972.7000122070312,179574
972.0,972.0,971.7000122070312,972.0,167188
972.5,972.7999877929688,971.7000122070312,971.9500122070312,297363
972.5499877929688,973.3499755859375,972.25,972.4500122070312,257251
972.9000244140625,973.0499877929688,972.5499877929688,972.5999755859375,212292
973.4000244140625,974.0,971.9500122070312,972.9000244140625,291072
973.2000122070312,973.9500122070312,972.7000122070312,973.3499755859375,293258
972.9000244140625,973.5,972.7999877929688,973.1500244140625,321362
973.4000244140625,973.7999877929688,972.8499755859375,973.1500244140625,529793
973.0,973.5,972.8499755859375,973.4500122070312,723537
974.3499755859375,976.5999755859375,968.8499755859375,974.5999755859375,432592
972.5999755859375,975.0499877929688,972.0,974.3499755859375,328433
970.6500244140625,973.0,970.6500244140625,972.7999877929688,179781
972.25,972.7999877929688,970.7000122070312,971.1500244140625,175928
971.6500244140625,973.5499877929688,971.6500244140625,972.0499877929688,192244
972.7000122070312,972.7000122070312,971.0999755859375,972.0,120720
972.4500122070312,973.3499755859375,972.0999755859375,972.7000122070312,130902
973.0999755859375,973.25,972.4000244140625,972.7000122070312,83963
972.2000122070312,973.2000122070312,972.0,973.0999755859375,105577
972.7000122070312,972.75,971.7999877929688,972.2000122070312,78653
972.0499877929688,972.7999877929688,971.6500244140625,972.5999755859375,105317
971.4500122070312,972.4500122070312,971.4500122070312,972.0499877929688,386011
971.9500122070312,971.9500122070312,971.1500244140625,971.1500244140625,85272
972.25,972.3499755859375,970.6500244140625,972.0,423327
973.0,973.0999755859375,972.0,972.25,152880
972.9500122070312,973.4500122070312,972.7999877929688,972.9500122070312,77572
974.0,974.3499755859375,972.7999877929688,972.7999877929688,160952
973.25,974.4000244140625,972.9500122070312,974.0,245504
973.7999877929688,974.0,973.1500244140625,973.3499755859375,84033
972.9000244140625,974.0,971.6500244140625,973.7999877929688,274371
972.5,973.75,972.1500244140625,972.9000244140625,194677
972.1500244140625,972.9000244140625,971.5999755859375,972.4500122070312,234250
972.5999755859375,973.0,971.8499755859375,972.0,136931
972.25,973.7000122070312,971.5999755859375,972.9000244140625,894946
971.9000244140625,973.0,971.2999877929688,972.25,861683
971.7999877929688,973.0,968.8499755859375,972.7000122070312,123351
971.0,972.0,970.7999877929688,971.5499877929688,146142
972.1500244140625,972.5,969.5,971.1500244140625,241602
976.4000244140625,977.5,971.5,972.2999877929688,430449
974.25,977.0,974.2000122070312,976.2000122070312,185507
973.9000244140625,974.8499755859375,973.5499877929688,974.2999877929688,155525
973.5499877929688,974.0,972.8499755859375,973.9000244140625,116712
972.7999877929688,974.0,972.75,973.6500244140625,126486
974.0,974.0,972.0499877929688,972.8499755859375,281395
973.5999755859375,974.0,973.4500122070312,974.0,115789
973.5999755859375,974.0,973.3499755859375,973.5,109474
976.3499755859375,976.5999755859375,973.5999755859375,973.6500244140625,313683
977.7999877929688,977.9000244140625,975.4000244140625,976.3499755859375,216627
977.0,978.7000122070312,976.7999877929688,977.7999877929688,407871
978.5999755859375,978.5999755859375,976.9500122070312,977.0,153267
979.2999877929688,980.0,978.4000244140625,978.5999755859375,246232
978.5999755859375,979.7000122070312,978.5,979.4500122070312,113946
979.4000244140625,979.5,978.3499755859375,978.6500244140625,130472
979.9500122070312,979.9500122070312,979.0,979.5,130615
984.2000122070312,984.4000244140625,979.8499755859375,979.9500122070312,772636
983.5499877929688,984.25,983.0499877929688,984.1500244140625,623561
983.0999755859375,984.0499877929688,982.2999877929688,983.9500122070312,662113
983.2000122070312,984.0,982.5999755859375,983.0999755859375,454932
982.6500244140625,983.5499877929688,982.2000122070312,983.25,827807
982.75,983.5999755859375,980.1500244140625,982.9500122070312,1058110
982.4000244140625,986.0,982.0999755859375,986.0,286488
982.5,983.3499755859375,981.75,982.75,246862
981.7999877929688,983.1500244140625,981.5,982.4000244140625,203141
981.6500244140625,982.5,981.25,981.8499755859375,160060
982.3499755859375,982.7999877929688,981.1500244140625,981.75,186651
981.5999755859375,982.5999755859375,981.3499755859375,982.3499755859375,141636
980.4000244140625,982.2000122070312,980.25,981.5999755859375,213185
981.1500244140625,981.8499755859375,980.0,980.4500122070312,142216
980.3499755859375,981.2999877929688,979.7999877929688,981.1500244140625,195900
982.0499877929688,982.2000122070312,980.0,980.4500122070312,225624
982.3499755859375,982.5,981.9000244140625,982.0999755859375,178075
983.25,983.4000244140625,982.4500122070312,982.75,263697
983.1500244140625,983.3499755859375,981.9500122070312,983.1500244140625,204616
982.1500244140625,983.1500244140625,981.75,983.0499877929688,341176
983.5,983.7999877929688,981.9500122070312,982.0999755859375,120455
982.5999755859375,983.7000122070312,982.0499877929688,983.5,127136
982.0999755859375,982.9500122070312,982.0499877929688,982.2999877929688,134089
981.3499755859375,982.5999755859375,981.0999755859375,982.2000122070312,217377
982.2999877929688,982.7000122070312,981.2999877929688,981.4500122070312,115844
982.1500244140625,982.75,981.2000122070312,982.6500244140625,221478
981.0,983.0,981.0,982.1500244140625,309897
981.25,981.8499755859375,980.9500122070312,981.0499877929688,159570
980.1500244140625,981.75,979.75,981.25,383414
982.5499877929688,982.9000244140625,979.3499755859375,980.4500122070312,575183
981.0,982.8499755859375,980.7999877929688,982.5499877929688,574645
978.9500122070312,980.4500122070312,977.5,979.7000122070312,129784
978.4000244140625,979.5,977.5499877929688,978.9500122070312,170880
979.5999755859375,979.75,977.5499877929688,978.4500122070312,114243
976.25,979.75,976.25,979.7000122070312,145055
973.5999755859375,976.3499755859375,972.4500122070312,976.3499755859375,294975
973.5999755859375,975.25,973.0499877929688,973.5499877929688,206269
973.0,973.7000122070312,972.5499877929688,973.7000122070312,175025
973.0,973.0,971.0499877929688,973.0,180094
973.9500122070312,973.9500122070312,972.6500244140625,972.9000244140625,116972
972.9500122070312,973.9000244140625,972.0999755859375,973.9000244140625,121545
972.9500122070312,973.2000122070312,972.7999877929688,972.9000244140625,78022
976.25,976.4000244140625,972.8499755859375,972.9500122070312,167781
977.9500122070312,978.0,975.6500244140625,976.5,179331
976.6500244140625,978.2999877929688,976.5499877929688,977.9500122070312,154885
977.0,977.7999877929688,976.5999755859375,976.6500244140625,100657
976.7000122070312,977.7000122070312,976.4500122070312,977.4000244140625,99075
974.9500122070312,977.2000122070312,974.75,976.7000122070312,262059
974.8499755859375,975.0,974.6500244140625,974.9500122070312,177168
976.0,976.0,974.7999877929688,974.7999877929688,170844
975.9500122070312,976.0,975.5999755859375,975.9500122070312,220127
975.5,977.0,975.0499877929688,975.9500122070312,250072
975.3499755859375,976.5,974.5,975.3499755859375,495919
973.7000122070312,976.75,973.5,975.3499755859375,307138
972.9500122070312,974.0,972.5999755859375,973.6500244140625,351922
972.5999755859375,973.0,971.2000122070312,973.0,518431
974.5,976.0499877929688,971.7000122070312,975.5499877929688,179859
975.0,975.3499755859375,973.4500122070312,974.5,174613
977.0499877929688,977.3499755859375,975.0,975.0,282732
977.2999877929688,977.5999755859375,976.1500244140625,977.0499877929688,217263
976.8499755859375,977.5999755859375,976.25,977.25,303809
975.7000122070312,976.7999877929688,974.7999877929688,976.5,182779
974.3499755859375,975.9000244140625,973.5499877929688,975.7000122070312,195148
973.9500122070312,974.3499755859375,973.6500244140625,974.25,103004
974.75,974.75,973.8499755859375,974.0,77901
974.7999877929688,975.0,974.5,974.75,80783
974.9500122070312,975.2000122070312,974.25,974.7999877929688,75515
975.9500122070312,976.2999877929688,974.9000244140625,974.9500122070312,186388
975.0,976.25,974.5,976.0,106871
974.2999877929688,975.4000244140625,973.6500244140625,975.0,331715
974.3499755859375,974.5,973.75,974.4000244140625,271562
974.9000244140625,975.2000122070312,973.6500244140625,974.4000244140625,70804
975.1500244140625,975.5,974.5999755859375,974.9500122070312,88201
975.0,975.1500244140625,974.0,975.0999755859375,87524
973.5499877929688,975.0,973.5499877929688,975.0,105116
973.3499755859375,974.4000244140625,973.1500244140625,973.9000244140625,149792
973.5999755859375,974.0,972.4500122070312,973.5,176874
973.1500244140625,974.0499877929688,972.5,973.5,287072
973.5,973.5999755859375,972.5499877929688,973.1500244140625,109494
971.0,973.8499755859375,968.4500122070312,973.5999755859375,3249510
970.5999755859375,971.0999755859375,968.0499877929688,971.0999755859375,2599019
975.0499877929688,975.1500244140625,971.75,974.9500122070312,188865
977.0,977.0999755859375,974.8499755859375,975.2999877929688,267037
978.2999877929688,978.5,976.9000244140625,977.0,267861
978.5499877929688,979.8499755859375,978.2000122070312,978.2999877929688,248607
979.9500122070312,980.0,977.9000244140625,978.75,201532
981.5,982.0,979.9500122070312,980.0,287784
980.9000244140625,982.4000244140625,980.7000122070312,981.4500122070312,257617
982.0499877929688,982.2999877929688,980.2999877929688,980.9500122070312,200683
983.9000244140625,983.9000244140625,982.0999755859375,982.0999755859375,264950
983.0999755859375,983.9500122070312,982.9000244140625,983.7999877929688,237641
983.9500122070312,983.9500122070312,982.4000244140625,983.0499877929688,223597
985.1500244140625,986.0,983.7999877929688,983.9000244140625,408992
984.5499877929688,985.5499877929688,984.2000122070312,985.1500244140625,250227
984.9500122070312,985.0,984.25,984.5999755859375,195550
984.1500244140625,985.2000122070312,984.0499877929688,984.9500122070312,255301
985.4500122070312,985.5,983.4000244140625,984.2999877929688,225520
986.7999877929688,987.4500122070312,985.25,985.4500122070312,418961
987.3499755859375,988.5999755859375,986.5499877929688,986.8499755859375,277752
987.9500122070312,988.2999877929688,987.2000122070312,987.3499755859375,155189
987.8499755859375,988.7000122070312,987.75,987.9000244140625,236396
987.5,988.9500122070312,987.4000244140625,987.8499755859375,352486
986.7000122070312,987.4000244140625,985.5,987.4000244140625,462855
984.25,987.25,984.1500244140625,986.7000122070312,517220
983.8499755859375,985.1500244140625,983.0,984.4500122070312,1345426
983.5,986.6500244140625,982.25,983.75,1064560
987.7999877929688,990.3499755859375,987.0,987.0,303511
993.0,993.0,987.0999755859375,987.6500244140625,467308
993.75,994.5,992.5999755859375,992.9500122070312,331020
994.2999877929688,994.9000244140625,993.2999877929688,993.2999877929688,239625
995.9000244140625,996.5999755859375,993.8499755859375,994.25,392754
996.5499877929688,999.0,995.6500244140625,996.0,555700
996.0,997.1500244140625,995.0,996.6500244140625,345003
994.2999877929688,997.0,992.8499755859375,995.9500122070312,788774
993.5,994.9500122070312,993.0999755859375,994.2999877929688,271850
992.5,994.0,992.4500122070312,993.5499877929688,394727
992.8499755859375,993.2999877929688,992.4500122070312,993.0,407249
993.0,993.2999877929688,992.75,992.9000244140625,379775
991.1500244140625,993.0,991.0999755859375,992.9500122070312,454729
990.0,991.6500244140625,989.75,991.5,641602
990.7999877929688,992.0,989.7999877929688,990.0,469070
989.9500122070312,991.1500244140625,989.9500122070312,990.7999877929688,416597
988.0,990.0,987.9000244140625,990.0,511310
987.5499877929688,988.4000244140625,987.0,988.0,643837
988.0,988.25,986.6500244140625,987.7000122070312,595625
988.0,989.4500122070312,987.0,988.0,648146
986.5499877929688,988.25,986.5499877929688,988.0,514052
985.4500122070312,988.4000244140625,985.2000122070312,986.7999877929688,610453
983.5,985.5,982.2000122070312,985.5,747258
984.0,985.2999877929688,983.3499755859375,983.4000244140625,1188258
